method,N,dim,k,ef_search,num_queries,M,ef_construction,leaf_capacity,finger_rank,finger_warmup,pctree_partitions,mtree_pivots,vt_pivots,kmeans_clusters,hnsw_num_levels,pctree_height,mtree_height,vptree_height,vtree_height,kmeans_height,hnsw_build_sec,pctree_build_sec,mtree_build_sec,vptree_build_sec,vtree_build_sec,kmeans_build_sec,finger_build_sec,tri_build_sec,recall_at_k,avg_latency_us,speedup_vs_hnsw,recall_loss_vs_hnsw
Normal HNSW,1000000,128,30,10,10000,16,200,64,16,8,4,5,2,4,6,7,8,14,73,10,532.8368304,31.30437864,7.44995085,2.590815235,8.577557108,78.34186993,22.87681125,3.441423901,0.8337433288,153.0179471,1,0
HNSW -> TRI,1000000,128,30,10,10000,16,200,64,16,8,4,5,2,4,6,7,8,14,73,10,532.8368304,31.30437864,7.44995085,2.590815235,8.577557108,78.34186993,22.87681125,3.441423901,0.8337233288,48.6991253,3.142108737,2.000000477e-05
HNSW + FINGER,1000000,128,30,10,10000,16,200,64,16,8,4,5,2,4,6,7,8,14,73,10,532.8368304,31.30437864,7.44995085,2.590815235,8.577557108,78.34186993,22.87681125,3.441423901,0.5412933381,54.3689454,2.81443655,0.2924499907
MTree -> HNSW,1000000,128,30,10,10000,16,200,64,16,8,4,5,2,4,6,7,8,14,73,10,532.8368304,31.30437864,7.44995085,2.590815235,8.577557108,78.34186993,22.87681125,3.441423901,0.8345599956,61.9306988,2.470793162,-0.0008166667677
MTree -> TRI,1000000,128,30,10,10000,16,200,64,16,8,4,5,2,4,6,7,8,14,73,10,532.8368304,31.30437864,7.44995085,2.590815235,8.577557108,78.34186993,22.87681125,3.441423901,0.8345366622,45.1414036,3.389747214,-0.0007933334269
MTree -> FINGER,1000000,128,30,10,10000,16,200,64,16,8,4,5,2,4,6,7,8,14,73,10,532.8368304,31.30437864,7.44995085,2.590815235,8.577557108,78.34186993,22.87681125,3.441423901,0.507790005,49.609576,3.084443759,0.3259533238
PCTree -> HNSW,1000000,128,30,10,10000,16,200,64,16,8,4,5,2,4,6,7,8,14,73,10,532.8368304,31.30437864,7.44995085,2.590815235,8.577557108,78.34186993,22.87681125,3.441423901,0.8345033288,70.2312103,2.178774172,-0.0007599999897
PCTree -> TRI,1000000,128,30,10,10000,16,200,64,16,8,4,5,2,4,6,7,8,14,73,10,532.8368304,31.30437864,7.44995085,2.590815235,8.577557108,78.34186993,22.87681125,3.441423901,0.8344833288,52.1612015,2.933558712,-0.000739999979
PCTree -> FINGER,1000000,128,30,10,10000,16,200,64,16,8,4,5,2,4,6,7,8,14,73,10,532.8368304,31.30437864,7.44995085,2.590815235,8.577557108,78.34186993,22.87681125,3.441423901,0.5003833387,53.1452844,2.879238465,0.3333599902
VPTree -> HNSW,1000000,128,30,10,10000,16,200,64,16,8,4,5,2,4,6,7,8,14,73,10,532.8368304,31.30437864,7.44995085,2.590815235,8.577557108,78.34186993,22.87681125,3.441423901,0.8330066622,75.4143372,2.029029927,0.0007366666444
VPTree -> TRI,1000000,128,30,10,10000,16,200,64,16,8,4,5,2,4,6,7,8,14,73,10,532.8368304,31.30437864,7.44995085,2.590815235,8.577557108,78.34186993,22.87681125,3.441423901,0.8329833288,54.6695355,2.798961903,0.0007599999912
VPTree -> FINGER,1000000,128,30,10,10000,16,200,64,16,8,4,5,2,4,6,7,8,14,73,10,532.8368304,31.30437864,7.44995085,2.590815235,8.577557108,78.34186993,22.87681125,3.441423901,0.498266672,54.8195729,2.791301336,0.3354766568
VTree -> HNSW,1000000,128,30,10,10000,16,200,64,16,8,4,5,2,4,6,7,8,14,73,10,532.8368304,31.30437864,7.44995085,2.590815235,8.577557108,78.34186993,22.87681125,3.441423901,0.8308166623,79.9677989,1.913494547,0.002926666533
VTree -> TRI,1000000,128,30,10,10000,16,200,64,16,8,4,5,2,4,6,7,8,14,73,10,532.8368304,31.30437864,7.44995085,2.590815235,8.577557108,78.34186993,22.87681125,3.441423901,0.8307966623,56.6563304,2.700809354,0.002946666544
VTree -> FINGER,1000000,128,30,10,10000,16,200,64,16,8,4,5,2,4,6,7,8,14,73,10,532.8368304,31.30437864,7.44995085,2.590815235,8.577557108,78.34186993,22.87681125,3.441423901,0.4970466721,56.2099828,2.722255718,0.3366966567
KMeansTree -> HNSW,1000000,128,30,10,10000,16,200,64,16,8,4,5,2,4,6,7,8,14,73,10,532.8368304,31.30437864,7.44995085,2.590815235,8.577557108,78.34186993,22.87681125,3.441423901,0.8332399956,70.8474078,2.159824217,0.0005033332475
KMeansTree -> TRI,1000000,128,30,10,10000,16,200,64,16,8,4,5,2,4,6,7,8,14,73,10,532.8368304,31.30437864,7.44995085,2.590815235,8.577557108,78.34186993,22.87681125,3.441423901,0.8332299955,52.1469436,2.934360799,0.0005133332618
KMeansTree -> FINGER,1000000,128,30,10,10000,16,200,64,16,8,4,5,2,4,6,7,8,14,73,10,532.8368304,31.30437864,7.44995085,2.590815235,8.577557108,78.34186993,22.87681125,3.441423901,0.5013433385,50.1070223,3.0538224,0.3323999903
Normal HNSW,1000000,128,30,20,10000,16,200,64,16,8,4,5,2,4,6,7,8,14,73,10,532.8368304,31.30437864,7.44995085,2.590815235,8.577557108,78.34186993,22.87681125,3.441423901,0.8337433288,153.0216461,1,0
HNSW -> TRI,1000000,128,30,20,10000,16,200,64,16,8,4,5,2,4,6,7,8,14,73,10,532.8368304,31.30437864,7.44995085,2.590815235,8.577557108,78.34186993,22.87681125,3.441423901,0.8337233288,48.7424092,3.139394392,2.000000477e-05
HNSW + FINGER,1000000,128,30,20,10000,16,200,64,16,8,4,5,2,4,6,7,8,14,73,10,532.8368304,31.30437864,7.44995085,2.590815235,8.577557108,78.34186993,22.87681125,3.441423901,0.5412933381,54.3649311,2.814712407,0.2924499907
MTree -> HNSW,1000000,128,30,20,10000,16,200,64,16,8,4,5,2,4,6,7,8,14,73,10,532.8368304,31.30437864,7.44995085,2.590815235,8.577557108,78.34186993,22.87681125,3.441423901,0.8345599956,61.9273567,2.470986237,-0.0008166667677
MTree -> TRI,1000000,128,30,20,10000,16,200,64,16,8,4,5,2,4,6,7,8,14,73,10,532.8368304,31.30437864,7.44995085,2.590815235,8.577557108,78.34186993,22.87681125,3.441423901,0.8345366622,45.1762548,3.387214075,-0.0007933334269
MTree -> FINGER,1000000,128,30,20,10000,16,200,64,16,8,4,5,2,4,6,7,8,14,73,10,532.8368304,31.30437864,7.44995085,2.590815235,8.577557108,78.34186993,22.87681125,3.441423901,0.507790005,49.6172526,3.084041096,0.3259533238
PCTree -> HNSW,1000000,128,30,20,10000,16,200,64,16,8,4,5,2,4,6,7,8,14,73,10,532.8368304,31.30437864,7.44995085,2.590815235,8.577557108,78.34186993,22.87681125,3.441423901,0.8345033288,70.2635843,2.177822945,-0.0007599999897
PCTree -> TRI,1000000,128,30,20,10000,16,200,64,16,8,4,5,2,4,6,7,8,14,73,10,532.8368304,31.30437864,7.44995085,2.590815235,8.577557108,78.34186993,22.87681125,3.441423901,0.8344833288,52.1590599,2.933750079,-0.000739999979
PCTree -> FINGER,1000000,128,30,20,10000,16,200,64,16,8,4,5,2,4,6,7,8,14,73,10,532.8368304,31.30437864,7.44995085,2.590815235,8.577557108,78.34186993,22.87681125,3.441423901,0.5003833387,53.1413414,2.879521707,0.3333599902
VPTree -> HNSW,1000000,128,30,20,10000,16,200,64,16,8,4,5,2,4,6,7,8,14,73,10,532.8368304,31.30437864,7.44995085,2.590815235,8.577557108,78.34186993,22.87681125,3.441423901,0.8330066622,75.4194969,2.02894016,0.0007366666444
VPTree -> TRI,1000000,128,30,20,10000,16,200,64,16,8,4,5,2,4,6,7,8,14,73,10,532.8368304,31.30437864,7.44995085,2.590815235,8.577557108,78.34186993,22.87681125,3.441423901,0.8329833288,54.6780574,2.798593318,0.0007599999912
VPTree -> FINGER,1000000,128,30,20,10000,16,200,64,16,8,4,5,2,4,6,7,8,14,73,10,532.8368304,31.30437864,7.44995085,2.590815235,8.577557108,78.34186993,22.87681125,3.441423901,0.498266672,54.8104929,2.791831235,0.3354766568
VTree -> HNSW,1000000,128,30,20,10000,16,200,64,16,8,4,5,2,4,6,7,8,14,73,10,532.8368304,31.30437864,7.44995085,2.590815235,8.577557108,78.34186993,22.87681125,3.441423901,0.8308166623,79.9996576,1.912778763,0.002926666533
VTree -> TRI,1000000,128,30,20,10000,16,200,64,16,8,4,5,2,4,6,7,8,14,73,10,532.8368304,31.30437864,7.44995085,2.590815235,8.577557108,78.34186993,22.87681125,3.441423901,0.8307966623,56.5956459,2.703770646,0.002946666544
VTree -> FINGER,1000000,128,30,20,10000,16,200,64,16,8,4,5,2,4,6,7,8,14,73,10,532.8368304,31.30437864,7.44995085,2.590815235,8.577557108,78.34186993,22.87681125,3.441423901,0.4970466721,56.2238649,2.721649363,0.3366966567
KMeansTree -> HNSW,1000000,128,30,20,10000,16,200,64,16,8,4,5,2,4,6,7,8,14,73,10,532.8368304,31.30437864,7.44995085,2.590815235,8.577557108,78.34186993,22.87681125,3.441423901,0.8332399956,70.8443667,2.159969144,0.0005033332475
KMeansTree -> TRI,1000000,128,30,20,10000,16,200,64,16,8,4,5,2,4,6,7,8,14,73,10,532.8368304,31.30437864,7.44995085,2.590815235,8.577557108,78.34186993,22.87681125,3.441423901,0.8332299955,52.2091114,2.93093757,0.0005133332618
KMeansTree -> FINGER,1000000,128,30,20,10000,16,200,64,16,8,4,5,2,4,6,7,8,14,73,10,532.8368304,31.30437864,7.44995085,2.590815235,8.577557108,78.34186993,22.87681125,3.441423901,0.5013433385,50.0953968,3.054604931,0.3323999903
Normal HNSW,1000000,128,30,30,10000,16,200,64,16,8,4,5,2,4,6,7,8,14,73,10,532.8368304,31.30437864,7.44995085,2.590815235,8.577557108,78.34186993,22.87681125,3.441423901,0.8337433288,153.034662,1,0
HNSW -> TRI,1000000,128,30,30,10000,16,200,64,16,8,4,5,2,4,6,7,8,14,73,10,532.8368304,31.30437864,7.44995085,2.590815235,8.577557108,78.34186993,22.87681125,3.441423901,0.8337233288,48.7487749,3.139251444,2.000000477e-05
HNSW + FINGER,1000000,128,30,30,10000,16,200,64,16,8,4,5,2,4,6,7,8,14,73,10,532.8368304,31.30437864,7.44995085,2.590815235,8.577557108,78.34186993,22.87681125,3.441423901,0.5412933381,54.3629042,2.815056779,0.2924499907
MTree -> HNSW,1000000,128,30,30,10000,16,200,64,16,8,4,5,2,4,6,7,8,14,73,10,532.8368304,31.30437864,7.44995085,2.590815235,8.577557108,78.34186993,22.87681125,3.441423901,0.8345599956,61.9812458,2.469047855,-0.0008166667677
MTree -> TRI,1000000,128,30,30,10000,16,200,64,16,8,4,5,2,4,6,7,8,14,73,10,532.8368304,31.30437864,7.44995085,2.590815235,8.577557108,78.34186993,22.87681125,3.441423901,0.8345366622,45.1635439,3.388455572,-0.0007933334269
MTree -> FINGER,1000000,128,30,30,10000,16,200,64,16,8,4,5,2,4,6,7,8,14,73,10,532.8368304,31.30437864,7.44995085,2.590815235,8.577557108,78.34186993,22.87681125,3.441423901,0.507790005,49.6075603,3.084906032,0.3259533238
PCTree -> HNSW,1000000,128,30,30,10000,16,200,64,16,8,4,5,2,4,6,7,8,14,73,10,532.8368304,31.30437864,7.44995085,2.590815235,8.577557108,78.34186993,22.87681125,3.441423901,0.8345033288,70.2764835,2.177608417,-0.0007599999897
PCTree -> TRI,1000000,128,30,30,10000,16,200,64,16,8,4,5,2,4,6,7,8,14,73,10,532.8368304,31.30437864,7.44995085,2.590815235,8.577557108,78.34186993,22.87681125,3.441423901,0.8344833288,52.1851409,2.932533272,-0.000739999979
PCTree -> FINGER,1000000,128,30,30,10000,16,200,64,16,8,4,5,2,4,6,7,8,14,73,10,532.8368304,31.30437864,7.44995085,2.590815235,8.577557108,78.34186993,22.87681125,3.441423901,0.5003833387,53.1166983,2.881102683,0.3333599902
VPTree -> HNSW,1000000,128,30,30,10000,16,200,64,16,8,4,5,2,4,6,7,8,14,73,10,532.8368304,31.30437864,7.44995085,2.590815235,8.577557108,78.34186993,22.87681125,3.441423901,0.8330066622,75.4832522,2.027398894,0.0007366666444
VPTree -> TRI,1000000,128,30,30,10000,16,200,64,16,8,4,5,2,4,6,7,8,14,73,10,532.8368304,31.30437864,7.44995085,2.590815235,8.577557108,78.34186993,22.87681125,3.441423901,0.8329833288,54.6761292,2.798930068,0.0007599999912
VPTree -> FINGER,1000000,128,30,30,10000,16,200,64,16,8,4,5,2,4,6,7,8,14,73,10,532.8368304,31.30437864,7.44995085,2.590815235,8.577557108,78.34186993,22.87681125,3.441423901,0.498266672,54.8212602,2.791520323,0.3354766568
VTree -> HNSW,1000000,128,30,30,10000,16,200,64,16,8,4,5,2,4,6,7,8,14,73,10,532.8368304,31.30437864,7.44995085,2.590815235,8.577557108,78.34186993,22.87681125,3.441423901,0.8308166623,79.9828165,1.913344249,0.002926666533
VTree -> TRI,1000000,128,30,30,10000,16,200,64,16,8,4,5,2,4,6,7,8,14,73,10,532.8368304,31.30437864,7.44995085,2.590815235,8.577557108,78.34186993,22.87681125,3.441423901,0.8307966623,56.6201681,2.702829524,0.002946666544
VTree -> FINGER,1000000,128,30,30,10000,16,200,64,16,8,4,5,2,4,6,7,8,14,73,10,532.8368304,31.30437864,7.44995085,2.590815235,8.577557108,78.34186993,22.87681125,3.441423901,0.4970466721,56.1530271,2.725314554,0.3366966567
KMeansTree -> HNSW,1000000,128,30,30,10000,16,200,64,16,8,4,5,2,4,6,7,8,14,73,10,532.8368304,31.30437864,7.44995085,2.590815235,8.577557108,78.34186993,22.87681125,3.441423901,0.8332399956,70.8413975,2.160243409,0.0005033332475
KMeansTree -> TRI,1000000,128,30,30,10000,16,200,64,16,8,4,5,2,4,6,7,8,14,73,10,532.8368304,31.30437864,7.44995085,2.590815235,8.577557108,78.34186993,22.87681125,3.441423901,0.8332299955,52.2032387,2.931516623,0.0005133332618
KMeansTree -> FINGER,1000000,128,30,30,10000,16,200,64,16,8,4,5,2,4,6,7,8,14,73,10,532.8368304,31.30437864,7.44995085,2.590815235,8.577557108,78.34186993,22.87681125,3.441423901,0.5013433385,50.0855156,3.055467437,0.3323999903
Normal HNSW,1000000,128,30,40,10000,16,200,64,16,8,4,5,2,4,6,7,8,14,73,10,532.8368304,31.30437864,7.44995085,2.590815235,8.577557108,78.34186993,22.87681125,3.441423901,0.8797966606,189.4884457,1,0
HNSW -> TRI,1000000,128,30,40,10000,16,200,64,16,8,4,5,2,4,6,7,8,14,73,10,532.8368304,31.30437864,7.44995085,2.590815235,8.577557108,78.34186993,22.87681125,3.441423901,0.8797833273,63.213953,2.99757311,1.333333254e-05
HNSW + FINGER,1000000,128,30,40,10000,16,200,64,16,8,4,5,2,4,6,7,8,14,73,10,532.8368304,31.30437864,7.44995085,2.590815235,8.577557108,78.34186993,22.87681125,3.441423901,0.5894266704,71.3593042,2.655413303,0.2903699902
MTree -> HNSW,1000000,128,30,40,10000,16,200,64,16,8,4,5,2,4,6,7,8,14,73,10,532.8368304,31.30437864,7.44995085,2.590815235,8.577557108,78.34186993,22.87681125,3.441423901,0.8802566605,71.0241832,2.667942624,-0.0004599999309
MTree -> TRI,1000000,128,30,40,10000,16,200,64,16,8,4,5,2,4,6,7,8,14,73,10,532.8368304,31.30437864,7.44995085,2.590815235,8.577557108,78.34186993,22.87681125,3.441423901,0.8802433272,56.4273542,3.358095526,-0.0004466665924
MTree -> FINGER,1000000,128,30,40,10000,16,200,64,16,8,4,5,2,4,6,7,8,14,73,10,532.8368304,31.30437864,7.44995085,2.590815235,8.577557108,78.34186993,22.87681125,3.441423901,0.5711833372,61.5178779,3.080217526,0.3086133234
PCTree -> HNSW,1000000,128,30,40,10000,16,200,64,16,8,4,5,2,4,6,7,8,14,73,10,532.8368304,31.30437864,7.44995085,2.590815235,8.577557108,78.34186993,22.87681125,3.441423901,0.8795733271,79.8801426,2.372159582,0.000223333472
PCTree -> TRI,1000000,128,30,40,10000,16,200,64,16,8,4,5,2,4,6,7,8,14,73,10,532.8368304,31.30437864,7.44995085,2.590815235,8.577557108,78.34186993,22.87681125,3.441423901,0.8795599938,63.4965371,2.984232753,0.0002366668105
PCTree -> FINGER,1000000,128,30,40,10000,16,200,64,16,8,4,5,2,4,6,7,8,14,73,10,532.8368304,31.30437864,7.44995085,2.590815235,8.577557108,78.34186993,22.87681125,3.441423901,0.5709266709,64.4327916,2.940869719,0.3088699897
VPTree -> HNSW,1000000,128,30,40,10000,16,200,64,16,8,4,5,2,4,6,7,8,14,73,10,532.8368304,31.30437864,7.44995085,2.590815235,8.577557108,78.34186993,22.87681125,3.441423901,0.8790933271,85.8032631,2.208406054,0.0007033334568
VPTree -> TRI,1000000,128,30,40,10000,16,200,64,16,8,4,5,2,4,6,7,8,14,73,10,532.8368304,31.30437864,7.44995085,2.590815235,8.577557108,78.34186993,22.87681125,3.441423901,0.8790766605,66.1257177,2.865578663,0.0007200001314
VPTree -> FINGER,1000000,128,30,40,10000,16,200,64,16,8,4,5,2,4,6,7,8,14,73,10,532.8368304,31.30437864,7.44995085,2.590815235,8.577557108,78.34186993,22.87681125,3.441423901,0.5706633373,66.1277512,2.865490543,0.3091333233
VTree -> HNSW,1000000,128,30,40,10000,16,200,64,16,8,4,5,2,4,6,7,8,14,73,10,532.8368304,31.30437864,7.44995085,2.590815235,8.577557108,78.34186993,22.87681125,3.441423901,0.8777299939,90.6126528,2.091191901,0.002066666691
VTree -> TRI,1000000,128,30,40,10000,16,200,64,16,8,4,5,2,4,6,7,8,14,73,10,532.8368304,31.30437864,7.44995085,2.590815235,8.577557108,78.34186993,22.87681125,3.441423901,0.8777133272,67.964664,2.788043588,0.002083333366
VTree -> FINGER,1000000,128,30,40,10000,16,200,64,16,8,4,5,2,4,6,7,8,14,73,10,532.8368304,31.30437864,7.44995085,2.590815235,8.577557108,78.34186993,22.87681125,3.441423901,0.5697166709,67.5046002,2.807044929,0.3100799897
KMeansTree -> HNSW,1000000,128,30,40,10000,16,200,64,16,8,4,5,2,4,6,7,8,14,73,10,532.8368304,31.30437864,7.44995085,2.590815235,8.577557108,78.34186993,22.87681125,3.441423901,0.8796933273,80.9235823,2.341572633,0.0001033333153
KMeansTree -> TRI,1000000,128,30,40,10000,16,200,64,16,8,4,5,2,4,6,7,8,14,73,10,532.8368304,31.30437864,7.44995085,2.590815235,8.577557108,78.34186993,22.87681125,3.441423901,0.8796799939,63.188538,2.998778761,0.0001166666538
KMeansTree -> FINGER,1000000,128,30,40,10000,16,200,64,16,8,4,5,2,4,6,7,8,14,73,10,532.8368304,31.30437864,7.44995085,2.590815235,8.577557108,78.34186993,22.87681125,3.441423901,0.5721533375,60.9244344,3.110220843,0.3076433231
Normal HNSW,1000000,128,30,50,10000,16,200,64,16,8,4,5,2,4,6,7,8,14,73,10,532.8368304,31.30437864,7.44995085,2.590815235,8.577557108,78.34186993,22.87681125,3.441423901,0.9085666597,224.417314,1,0
HNSW -> TRI,1000000,128,30,50,10000,16,200,64,16,8,4,5,2,4,6,7,8,14,73,10,532.8368304,31.30437864,7.44995085,2.590815235,8.577557108,78.34186993,22.87681125,3.441423901,0.9085633264,78.0733612,2.874441558,3.333336115e-06
HNSW + FINGER,1000000,128,30,50,10000,16,200,64,16,8,4,5,2,4,6,7,8,14,73,10,532.8368304,31.30437864,7.44995085,2.590815235,8.577557108,78.34186993,22.87681125,3.441423901,0.6351066696,88.0677066,2.548236154,0.2734599901
MTree -> HNSW,1000000,128,30,50,10000,16,200,64,16,8,4,5,2,4,6,7,8,14,73,10,532.8368304,31.30437864,7.44995085,2.590815235,8.577557108,78.34186993,22.87681125,3.441423901,0.9089133264,80.6836451,2.781447389,-0.0003466667086
MTree -> TRI,1000000,128,30,50,10000,16,200,64,16,8,4,5,2,4,6,7,8,14,73,10,532.8368304,31.30437864,7.44995085,2.590815235,8.577557108,78.34186993,22.87681125,3.441423901,0.9089133264,67.5501823,3.322231064,-0.0003466667086
MTree -> FINGER,1000000,128,30,50,10000,16,200,64,16,8,4,5,2,4,6,7,8,14,73,10,532.8368304,31.30437864,7.44995085,2.590815235,8.577557108,78.34186993,22.87681125,3.441423901,0.6240666695,72.608308,3.09079388,0.2844999902
PCTree -> HNSW,1000000,128,30,50,10000,16,200,64,16,8,4,5,2,4,6,7,8,14,73,10,532.8368304,31.30437864,7.44995085,2.590815235,8.577557108,78.34186993,22.87681125,3.441423901,0.908099993,89.8367647,2.4980565,0.0004666666567
PCTree -> TRI,1000000,128,30,50,10000,16,200,64,16,8,4,5,2,4,6,7,8,14,73,10,532.8368304,31.30437864,7.44995085,2.590815235,8.577557108,78.34186993,22.87681125,3.441423901,0.9080966597,74.6724519,3.005356169,0.0004699999928
PCTree -> FINGER,1000000,128,30,50,10000,16,200,64,16,8,4,5,2,4,6,7,8,14,73,10,532.8368304,31.30437864,7.44995085,2.590815235,8.577557108,78.34186993,22.87681125,3.441423901,0.6278433364,75.2116211,2.983811687,0.2807233233
VPTree -> HNSW,1000000,128,30,50,10000,16,200,64,16,8,4,5,2,4,6,7,8,14,73,10,532.8368304,31.30437864,7.44995085,2.590815235,8.577557108,78.34186993,22.87681125,3.441423901,0.908499993,96.2550093,2.331487116,6.666665226e-05
VPTree -> TRI,1000000,128,30,50,10000,16,200,64,16,8,4,5,2,4,6,7,8,14,73,10,532.8368304,31.30437864,7.44995085,2.590815235,8.577557108,78.34186993,22.87681125,3.441423901,0.908499993,77.4024267,2.899357599,6.666665226e-05
VPTree -> FINGER,1000000,128,30,50,10000,16,200,64,16,8,4,5,2,4,6,7,8,14,73,10,532.8368304,31.30437864,7.44995085,2.590815235,8.577557108,78.34186993,22.87681125,3.441423901,0.6268100027,77.0608693,2.91220844,0.281756657
VTree -> HNSW,1000000,128,30,50,10000,16,200,64,16,8,4,5,2,4,6,7,8,14,73,10,532.8368304,31.30437864,7.44995085,2.590815235,8.577557108,78.34186993,22.87681125,3.441423901,0.9077766597,101.3276177,2.214769469,0.0007900000185
VTree -> TRI,1000000,128,30,50,10000,16,200,64,16,8,4,5,2,4,6,7,8,14,73,10,532.8368304,31.30437864,7.44995085,2.590815235,8.577557108,78.34186993,22.87681125,3.441423901,0.9077766597,79.1731348,2.834513431,0.0007900000185
VTree -> FINGER,1000000,128,30,50,10000,16,200,64,16,8,4,5,2,4,6,7,8,14,73,10,532.8368304,31.30437864,7.44995085,2.590815235,8.577557108,78.34186993,22.87681125,3.441423901,0.6258233362,78.6995091,2.851571967,0.2827433235
KMeansTree -> HNSW,1000000,128,30,50,10000,16,200,64,16,8,4,5,2,4,6,7,8,14,73,10,532.8368304,31.30437864,7.44995085,2.590815235,8.577557108,78.34186993,22.87681125,3.441423901,0.9087133266,91.1169667,2.46295857,-0.0001466668949
KMeansTree -> TRI,1000000,128,30,50,10000,16,200,64,16,8,4,5,2,4,6,7,8,14,73,10,532.8368304,31.30437864,7.44995085,2.590815235,8.577557108,78.34186993,22.87681125,3.441423901,0.9087133266,74.0065681,3.032397256,-0.0001466668949
KMeansTree -> FINGER,1000000,128,30,50,10000,16,200,64,16,8,4,5,2,4,6,7,8,14,73,10,532.8368304,31.30437864,7.44995085,2.590815235,8.577557108,78.34186993,22.87681125,3.441423901,0.6273033364,71.5602198,3.136062391,0.2812633233
Normal HNSW,1000000,128,30,60,10000,16,200,64,16,8,4,5,2,4,6,7,8,14,73,10,532.8368304,31.30437864,7.44995085,2.590815235,8.577557108,78.34186993,22.87681125,3.441423901,0.9288333262,258.3695794,1,0
HNSW -> TRI,1000000,128,30,60,10000,16,200,64,16,8,4,5,2,4,6,7,8,14,73,10,532.8368304,31.30437864,7.44995085,2.590815235,8.577557108,78.34186993,22.87681125,3.441423901,0.9288299928,93.1472526,2.773775631,3.333336115e-06
HNSW + FINGER,1000000,128,30,60,10000,16,200,64,16,8,4,5,2,4,6,7,8,14,73,10,532.8368304,31.30437864,7.44995085,2.590815235,8.577557108,78.34186993,22.87681125,3.441423901,0.6754900016,104.433534,2.474009731,0.2533433245
MTree -> HNSW,1000000,128,30,60,10000,16,200,64,16,8,4,5,2,4,6,7,8,14,73,10,532.8368304,31.30437864,7.44995085,2.590815235,8.577557108,78.34186993,22.87681125,3.441423901,0.9287866594,90.6964472,2.84872878,4.666675329e-05
MTree -> TRI,1000000,128,30,60,10000,16,200,64,16,8,4,5,2,4,6,7,8,14,73,10,532.8368304,31.30437864,7.44995085,2.590815235,8.577557108,78.34186993,22.87681125,3.441423901,0.9287866594,78.859128,3.276343347,4.666675329e-05
MTree -> FINGER,1000000,128,30,60,10000,16,200,64,16,8,4,5,2,4,6,7,8,14,73,10,532.8368304,31.30437864,7.44995085,2.590815235,8.577557108,78.34186993,22.87681125,3.441423901,0.6667266688,83.2792087,3.10244998,0.2621066574
PCTree -> HNSW,1000000,128,30,60,10000,16,200,64,16,8,4,5,2,4,6,7,8,14,73,10,532.8368304,31.30437864,7.44995085,2.590815235,8.577557108,78.34186993,22.87681125,3.441423901,0.9288666593,100.3195344,2.575466293,-3.333310038e-05
PCTree -> TRI,1000000,128,30,60,10000,16,200,64,16,8,4,5,2,4,6,7,8,14,73,10,532.8368304,31.30437864,7.44995085,2.590815235,8.577557108,78.34186993,22.87681125,3.441423901,0.9288666593,86.1895738,2.997689489,-3.333310038e-05
PCTree -> FINGER,1000000,128,30,60,10000,16,200,64,16,8,4,5,2,4,6,7,8,14,73,10,532.8368304,31.30437864,7.44995085,2.590815235,8.577557108,78.34186993,22.87681125,3.441423901,0.6721866687,86.0315903,3.003194274,0.2566466575
VPTree -> HNSW,1000000,128,30,60,10000,16,200,64,16,8,4,5,2,4,6,7,8,14,73,10,532.8368304,31.30437864,7.44995085,2.590815235,8.577557108,78.34186993,22.87681125,3.441423901,0.9288066594,106.9355603,2.416124053,2.666680217e-05
VPTree -> TRI,1000000,128,30,60,10000,16,200,64,16,8,4,5,2,4,6,7,8,14,73,10,532.8368304,31.30437864,7.44995085,2.590815235,8.577557108,78.34186993,22.87681125,3.441423901,0.9288066594,88.9450929,2.904821064,2.666680217e-05
VPTree -> FINGER,1000000,128,30,60,10000,16,200,64,16,8,4,5,2,4,6,7,8,14,73,10,532.8368304,31.30437864,7.44995085,2.590815235,8.577557108,78.34186993,22.87681125,3.441423901,0.6717900016,88.0200435,2.935349372,0.2570433246
VTree -> HNSW,1000000,128,30,60,10000,16,200,64,16,8,4,5,2,4,6,7,8,14,73,10,532.8368304,31.30437864,7.44995085,2.590815235,8.577557108,78.34186993,22.87681125,3.441423901,0.9284166594,112.1306234,2.30418392,0.0004166667506
VTree -> TRI,1000000,128,30,60,10000,16,200,64,16,8,4,5,2,4,6,7,8,14,73,10,532.8368304,31.30437864,7.44995085,2.590815235,8.577557108,78.34186993,22.87681125,3.441423901,0.9284166594,90.6332723,2.850714454,0.0004166667506
VTree -> FINGER,1000000,128,30,60,10000,16,200,64,16,8,4,5,2,4,6,7,8,14,73,10,532.8368304,31.30437864,7.44995085,2.590815235,8.577557108,78.34186993,22.87681125,3.441423901,0.6704533351,89.7889783,2.877519984,0.258379991
KMeansTree -> HNSW,1000000,128,30,60,10000,16,200,64,16,8,4,5,2,4,6,7,8,14,73,10,532.8368304,31.30437864,7.44995085,2.590815235,8.577557108,78.34186993,22.87681125,3.441423901,0.9290366595,101.6151317,2.542628987,-0.0002033333212
KMeansTree -> TRI,1000000,128,30,60,10000,16,200,64,16,8,4,5,2,4,6,7,8,14,73,10,532.8368304,31.30437864,7.44995085,2.590815235,8.577557108,78.34186993,22.87681125,3.441423901,0.9290366595,85.1938534,3.032725591,-0.0002033333212
KMeansTree -> FINGER,1000000,128,30,60,10000,16,200,64,16,8,4,5,2,4,6,7,8,14,73,10,532.8368304,31.30437864,7.44995085,2.590815235,8.577557108,78.34186993,22.87681125,3.441423901,0.6718933351,82.1968062,3.143304361,0.2569399911
Normal HNSW,1000000,128,30,70,10000,16,200,64,16,8,4,5,2,4,6,7,8,14,73,10,532.8368304,31.30437864,7.44995085,2.590815235,8.577557108,78.34186993,22.87681125,3.441423901,0.9433699927,291.7787814,1,0
HNSW -> TRI,1000000,128,30,70,10000,16,200,64,16,8,4,5,2,4,6,7,8,14,73,10,532.8368304,31.30437864,7.44995085,2.590815235,8.577557108,78.34186993,22.87681125,3.441423901,0.9433666594,108.5941736,2.686873261,3.333330154e-06
HNSW + FINGER,1000000,128,30,70,10000,16,200,64,16,8,4,5,2,4,6,7,8,14,73,10,532.8368304,31.30437864,7.44995085,2.590815235,8.577557108,78.34186993,22.87681125,3.441423901,0.7102533338,120.5187354,2.421024253,0.2331166589
MTree -> HNSW,1000000,128,30,70,10000,16,200,64,16,8,4,5,2,4,6,7,8,14,73,10,532.8368304,31.30437864,7.44995085,2.590815235,8.577557108,78.34186993,22.87681125,3.441423901,0.9435566594,101.122214,2.885407369,-0.0001866666332
MTree -> TRI,1000000,128,30,70,10000,16,200,64,16,8,4,5,2,4,6,7,8,14,73,10,532.8368304,31.30437864,7.44995085,2.590815235,8.577557108,78.34186993,22.87681125,3.441423901,0.9435566594,90.4115667,3.227228463,-0.0001866666332
MTree -> FINGER,1000000,128,30,70,10000,16,200,64,16,8,4,5,2,4,6,7,8,14,73,10,532.8368304,31.30437864,7.44995085,2.590815235,8.577557108,78.34186993,22.87681125,3.441423901,0.7034433341,93.6821374,3.114561532,0.2399266586
PCTree -> HNSW,1000000,128,30,70,10000,16,200,64,16,8,4,5,2,4,6,7,8,14,73,10,532.8368304,31.30437864,7.44995085,2.590815235,8.577557108,78.34186993,22.87681125,3.441423901,0.9435933261,110.984555,2.629003481,-0.0002233333364
PCTree -> TRI,1000000,128,30,70,10000,16,200,64,16,8,4,5,2,4,6,7,8,14,73,10,532.8368304,31.30437864,7.44995085,2.590815235,8.577557108,78.34186993,22.87681125,3.441423901,0.9435933261,97.7989472,2.983455239,-0.0002233333364
PCTree -> FINGER,1000000,128,30,70,10000,16,200,64,16,8,4,5,2,4,6,7,8,14,73,10,532.8368304,31.30437864,7.44995085,2.590815235,8.577557108,78.34186993,22.87681125,3.441423901,0.7086133339,96.6133602,3.020066591,0.2347566588
VPTree -> HNSW,1000000,128,30,70,10000,16,200,64,16,8,4,5,2,4,6,7,8,14,73,10,532.8368304,31.30437864,7.44995085,2.590815235,8.577557108,78.34186993,22.87681125,3.441423901,0.9434799927,117.313911,2.487162681,-0.0001100000128
VPTree -> TRI,1000000,128,30,70,10000,16,200,64,16,8,4,5,2,4,6,7,8,14,73,10,532.8368304,31.30437864,7.44995085,2.590815235,8.577557108,78.34186993,22.87681125,3.441423901,0.9434799927,100.4596251,2.904438287,-0.0001100000128
VPTree -> FINGER,1000000,128,30,70,10000,16,200,64,16,8,4,5,2,4,6,7,8,14,73,10,532.8368304,31.30437864,7.44995085,2.590815235,8.577557108,78.34186993,22.87681125,3.441423901,0.7077666673,98.5894849,2.959532466,0.2356033254
VTree -> HNSW,1000000,128,30,70,10000,16,200,64,16,8,4,5,2,4,6,7,8,14,73,10,532.8368304,31.30437864,7.44995085,2.590815235,8.577557108,78.34186993,22.87681125,3.441423901,0.943473326,122.6660329,2.37864366,-0.0001033332542
VTree -> TRI,1000000,128,30,70,10000,16,200,64,16,8,4,5,2,4,6,7,8,14,73,10,532.8368304,31.30437864,7.44995085,2.590815235,8.577557108,78.34186993,22.87681125,3.441423901,0.943473326,102.0845446,2.85820721,-0.0001033332542
VTree -> FINGER,1000000,128,30,70,10000,16,200,64,16,8,4,5,2,4,6,7,8,14,73,10,532.8368304,31.30437864,7.44995085,2.590815235,8.577557108,78.34186993,22.87681125,3.441423901,0.7071966672,100.41255,2.905799936,0.2361733255
KMeansTree -> HNSW,1000000,128,30,70,10000,16,200,64,16,8,4,5,2,4,6,7,8,14,73,10,532.8368304,31.30437864,7.44995085,2.590815235,8.577557108,78.34186993,22.87681125,3.441423901,0.9434199928,111.9390598,2.606585958,-5.000004619e-05
KMeansTree -> TRI,1000000,128,30,70,10000,16,200,64,16,8,4,5,2,4,6,7,8,14,73,10,532.8368304,31.30437864,7.44995085,2.590815235,8.577557108,78.34186993,22.87681125,3.441423901,0.9434199928,96.5013494,3.023572035,-5.000004619e-05
KMeansTree -> FINGER,1000000,128,30,70,10000,16,200,64,16,8,4,5,2,4,6,7,8,14,73,10,532.8368304,31.30437864,7.44995085,2.590815235,8.577557108,78.34186993,22.87681125,3.441423901,0.7082600007,92.6144708,3.150466432,0.2351099921
Normal HNSW,1000000,128,30,80,10000,16,200,64,16,8,4,5,2,4,6,7,8,14,73,10,532.8368304,31.30437864,7.44995085,2.590815235,8.577557108,78.34186993,22.87681125,3.441423901,0.9541199926,325.0770141,1,0
HNSW -> TRI,1000000,128,30,80,10000,16,200,64,16,8,4,5,2,4,6,7,8,14,73,10,532.8368304,31.30437864,7.44995085,2.590815235,8.577557108,78.34186993,22.87681125,3.441423901,0.9541199926,124.0288557,2.620978903,0
HNSW + FINGER,1000000,128,30,80,10000,16,200,64,16,8,4,5,2,4,6,7,8,14,73,10,532.8368304,31.30437864,7.44995085,2.590815235,8.577557108,78.34186993,22.87681125,3.441423901,0.7387466662,136.617149,2.37947444,0.2153733264
MTree -> HNSW,1000000,128,30,80,10000,16,200,64,16,8,4,5,2,4,6,7,8,14,73,10,532.8368304,31.30437864,7.44995085,2.590815235,8.577557108,78.34186993,22.87681125,3.441423901,0.9542799927,112.1182231,2.899412826,-0.0001600000173
MTree -> TRI,1000000,128,30,80,10000,16,200,64,16,8,4,5,2,4,6,7,8,14,73,10,532.8368304,31.30437864,7.44995085,2.590815235,8.577557108,78.34186993,22.87681125,3.441423901,0.9542799927,102.1620472,3.181974354,-0.0001600000173
MTree -> FINGER,1000000,128,30,80,10000,16,200,64,16,8,4,5,2,4,6,7,8,14,73,10,532.8368304,31.30437864,7.44995085,2.590815235,8.577557108,78.34186993,22.87681125,3.441423901,0.7333633329,104.2975755,3.116822347,0.2207566598
PCTree -> HNSW,1000000,128,30,80,10000,16,200,64,16,8,4,5,2,4,6,7,8,14,73,10,532.8368304,31.30437864,7.44995085,2.590815235,8.577557108,78.34186993,22.87681125,3.441423901,0.954133326,121.9800525,2.665001428,-1.333337128e-05
PCTree -> TRI,1000000,128,30,80,10000,16,200,64,16,8,4,5,2,4,6,7,8,14,73,10,532.8368304,31.30437864,7.44995085,2.590815235,8.577557108,78.34186993,22.87681125,3.441423901,0.954133326,109.6108787,2.965736777,-1.333337128e-05
PCTree -> FINGER,1000000,128,30,80,10000,16,200,64,16,8,4,5,2,4,6,7,8,14,73,10,532.8368304,31.30437864,7.44995085,2.590815235,8.577557108,78.34186993,22.87681125,3.441423901,0.7383099995,107.4322184,3.025880122,0.2158099932
VPTree -> HNSW,1000000,128,30,80,10000,16,200,64,16,8,4,5,2,4,6,7,8,14,73,10,532.8368304,31.30437864,7.44995085,2.590815235,8.577557108,78.34186993,22.87681125,3.441423901,0.9541433262,128.5024582,2.529733817,-2.33335048e-05
VPTree -> TRI,1000000,128,30,80,10000,16,200,64,16,8,4,5,2,4,6,7,8,14,73,10,532.8368304,31.30437864,7.44995085,2.590815235,8.577557108,78.34186993,22.87681125,3.441423901,0.9541433262,112.4195512,2.891641273,-2.33335048e-05
VPTree -> FINGER,1000000,128,30,80,10000,16,200,64,16,8,4,5,2,4,6,7,8,14,73,10,532.8368304,31.30437864,7.44995085,2.590815235,8.577557108,78.34186993,22.87681125,3.441423901,0.7372066662,109.5413689,2.967618694,0.2169133264
VTree -> HNSW,1000000,128,30,80,10000,16,200,64,16,8,4,5,2,4,6,7,8,14,73,10,532.8368304,31.30437864,7.44995085,2.590815235,8.577557108,78.34186993,22.87681125,3.441423901,0.9541999927,133.9950801,2.42603694,-8.000009656e-05
VTree -> TRI,1000000,128,30,80,10000,16,200,64,16,8,4,5,2,4,6,7,8,14,73,10,532.8368304,31.30437864,7.44995085,2.590815235,8.577557108,78.34186993,22.87681125,3.441423901,0.9541999927,113.9662173,2.852398033,-8.000009656e-05
VTree -> FINGER,1000000,128,30,80,10000,16,200,64,16,8,4,5,2,4,6,7,8,14,73,10,532.8368304,31.30437864,7.44995085,2.590815235,8.577557108,78.34186993,22.87681125,3.441423901,0.7372366662,111.4366982,2.917145064,0.2168833264
KMeansTree -> HNSW,1000000,128,30,80,10000,16,200,64,16,8,4,5,2,4,6,7,8,14,73,10,532.8368304,31.30437864,7.44995085,2.590815235,8.577557108,78.34186993,22.87681125,3.441423901,0.9541666595,123.0545071,2.641731878,-4.666681588e-05
KMeansTree -> TRI,1000000,128,30,80,10000,16,200,64,16,8,4,5,2,4,6,7,8,14,73,10,532.8368304,31.30437864,7.44995085,2.590815235,8.577557108,78.34186993,22.87681125,3.441423901,0.9541666595,108.0973985,3.007260291,-4.666681588e-05
KMeansTree -> FINGER,1000000,128,30,80,10000,16,200,64,16,8,4,5,2,4,6,7,8,14,73,10,532.8368304,31.30437864,7.44995085,2.590815235,8.577557108,78.34186993,22.87681125,3.441423901,0.7376166665,103.3369137,3.14579759,0.2165033261
Normal HNSW,1000000,128,30,90,10000,16,200,64,16,8,4,5,2,4,6,7,8,14,73,10,532.8368304,31.30437864,7.44995085,2.590815235,8.577557108,78.34186993,22.87681125,3.441423901,0.9622633263,357.832617,1,0
HNSW -> TRI,1000000,128,30,90,10000,16,200,64,16,8,4,5,2,4,6,7,8,14,73,10,532.8368304,31.30437864,7.44995085,2.590815235,8.577557108,78.34186993,22.87681125,3.441423901,0.9622633263,139.8333961,2.558992537,0
HNSW + FINGER,1000000,128,30,90,10000,16,200,64,16,8,4,5,2,4,6,7,8,14,73,10,532.8368304,31.30437864,7.44995085,2.590815235,8.577557108,78.34186993,22.87681125,3.441423901,0.7632799986,152.5291254,2.345995337,0.1989833277
MTree -> HNSW,1000000,128,30,90,10000,16,200,64,16,8,4,5,2,4,6,7,8,14,73,10,532.8368304,31.30437864,7.44995085,2.590815235,8.577557108,78.34186993,22.87681125,3.441423901,0.9622699931,123.1784777,2.904993012,-6.666702032e-06
MTree -> TRI,1000000,128,30,90,10000,16,200,64,16,8,4,5,2,4,6,7,8,14,73,10,532.8368304,31.30437864,7.44995085,2.590815235,8.577557108,78.34186993,22.87681125,3.441423901,0.9622699931,114.0299533,3.138058086,-6.666702032e-06
MTree -> FINGER,1000000,128,30,90,10000,16,200,64,16,8,4,5,2,4,6,7,8,14,73,10,532.8368304,31.30437864,7.44995085,2.590815235,8.577557108,78.34186993,22.87681125,3.441423901,0.7594599989,114.870807,3.115087517,0.2028033275
PCTree -> HNSW,1000000,128,30,90,10000,16,200,64,16,8,4,5,2,4,6,7,8,14,73,10,532.8368304,31.30437864,7.44995085,2.590815235,8.577557108,78.34186993,22.87681125,3.441423901,0.9622433264,132.8288,2.693938491,1.999998093e-05
PCTree -> TRI,1000000,128,30,90,10000,16,200,64,16,8,4,5,2,4,6,7,8,14,73,10,532.8368304,31.30437864,7.44995085,2.590815235,8.577557108,78.34186993,22.87681125,3.441423901,0.9622433264,121.5311016,2.944370719,1.999998093e-05
PCTree -> FINGER,1000000,128,30,90,10000,16,200,64,16,8,4,5,2,4,6,7,8,14,73,10,532.8368304,31.30437864,7.44995085,2.590815235,8.577557108,78.34186993,22.87681125,3.441423901,0.7632766654,118.0309413,3.031684854,0.198986661
VPTree -> HNSW,1000000,128,30,90,10000,16,200,64,16,8,4,5,2,4,6,7,8,14,73,10,532.8368304,31.30437864,7.44995085,2.590815235,8.577557108,78.34186993,22.87681125,3.441423901,0.9622766598,139.4681297,2.565694527,-1.333341002e-05
VPTree -> TRI,1000000,128,30,90,10000,16,200,64,16,8,4,5,2,4,6,7,8,14,73,10,532.8368304,31.30437864,7.44995085,2.590815235,8.577557108,78.34186993,22.87681125,3.441423901,0.9622766598,124.2601894,2.879704423,-1.333341002e-05
VPTree -> FINGER,1000000,128,30,90,10000,16,200,64,16,8,4,5,2,4,6,7,8,14,73,10,532.8368304,31.30437864,7.44995085,2.590815235,8.577557108,78.34186993,22.87681125,3.441423901,0.7620199988,120.1543087,2.978108907,0.2002433275
VTree -> HNSW,1000000,128,30,90,10000,16,200,64,16,8,4,5,2,4,6,7,8,14,73,10,532.8368304,31.30437864,7.44995085,2.590815235,8.577557108,78.34186993,22.87681125,3.441423901,0.9622833264,144.9246883,2.469093577,-2.000008225e-05
VTree -> TRI,1000000,128,30,90,10000,16,200,64,16,8,4,5,2,4,6,7,8,14,73,10,532.8368304,31.30437864,7.44995085,2.590815235,8.577557108,78.34186993,22.87681125,3.441423901,0.9622833264,125.6400977,2.848076558,-2.000008225e-05
VTree -> FINGER,1000000,128,30,90,10000,16,200,64,16,8,4,5,2,4,6,7,8,14,73,10,532.8368304,31.30437864,7.44995085,2.590815235,8.577557108,78.34186993,22.87681125,3.441423901,0.7618566653,122.1613599,2.929180039,0.200406661
KMeansTree -> HNSW,1000000,128,30,90,10000,16,200,64,16,8,4,5,2,4,6,7,8,14,73,10,532.8368304,31.30437864,7.44995085,2.590815235,8.577557108,78.34186993,22.87681125,3.441423901,0.9623533265,133.8468609,2.673447958,-9.000012279e-05
KMeansTree -> TRI,1000000,128,30,90,10000,16,200,64,16,8,4,5,2,4,6,7,8,14,73,10,532.8368304,31.30437864,7.44995085,2.590815235,8.577557108,78.34186993,22.87681125,3.441423901,0.9623533265,119.7715736,2.98762558,-9.000012279e-05
KMeansTree -> FINGER,1000000,128,30,90,10000,16,200,64,16,8,4,5,2,4,6,7,8,14,73,10,532.8368304,31.30437864,7.44995085,2.590815235,8.577557108,78.34186993,22.87681125,3.441423901,0.7629399989,113.8538881,3.142910822,0.1993233275
Normal HNSW,1000000,128,30,100,10000,16,200,64,16,8,4,5,2,4,6,7,8,14,73,10,532.8368304,31.30437864,7.44995085,2.590815235,8.577557108,78.34186993,22.87681125,3.441423901,0.9683933266,390.2295965,1,0
HNSW -> TRI,1000000,128,30,100,10000,16,200,64,16,8,4,5,2,4,6,7,8,14,73,10,532.8368304,31.30437864,7.44995085,2.590815235,8.577557108,78.34186993,22.87681125,3.441423901,0.9683933266,155.7467242,2.505539673,0
HNSW + FINGER,1000000,128,30,100,10000,16,200,64,16,8,4,5,2,4,6,7,8,14,73,10,532.8368304,31.30437864,7.44995085,2.590815235,8.577557108,78.34186993,22.87681125,3.441423901,0.7835866644,168.3415806,2.318082051,0.1848066623
MTree -> HNSW,1000000,128,30,100,10000,16,200,64,16,8,4,5,2,4,6,7,8,14,73,10,532.8368304,31.30437864,7.44995085,2.590815235,8.577557108,78.34186993,22.87681125,3.441423901,0.9682999932,134.3282023,2.905045923,9.333337545e-05
MTree -> TRI,1000000,128,30,100,10000,16,200,64,16,8,4,5,2,4,6,7,8,14,73,10,532.8368304,31.30437864,7.44995085,2.590815235,8.577557108,78.34186993,22.87681125,3.441423901,0.9682999932,125.8397196,3.101004975,9.333337545e-05
MTree -> FINGER,1000000,128,30,100,10000,16,200,64,16,8,4,5,2,4,6,7,8,14,73,10,532.8368304,31.30437864,7.44995085,2.590815235,8.577557108,78.34186993,22.87681125,3.441423901,0.7812933311,125.5028968,3.109327406,0.1870999955
PCTree -> HNSW,1000000,128,30,100,10000,16,200,64,16,8,4,5,2,4,6,7,8,14,73,10,532.8368304,31.30437864,7.44995085,2.590815235,8.577557108,78.34186993,22.87681125,3.441423901,0.9682833266,143.9929999,2.710059494,0.000110000062
PCTree -> TRI,1000000,128,30,100,10000,16,200,64,16,8,4,5,2,4,6,7,8,14,73,10,532.8368304,31.30437864,7.44995085,2.590815235,8.577557108,78.34186993,22.87681125,3.441423901,0.9682833266,133.414815,2.92493451,0.000110000062
PCTree -> FINGER,1000000,128,30,100,10000,16,200,64,16,8,4,5,2,4,6,7,8,14,73,10,532.8368304,31.30437864,7.44995085,2.590815235,8.577557108,78.34186993,22.87681125,3.441423901,0.7848899978,128.664888,3.032914438,0.1835033289
VPTree -> HNSW,1000000,128,30,100,10000,16,200,64,16,8,4,5,2,4,6,7,8,14,73,10,532.8368304,31.30437864,7.44995085,2.590815235,8.577557108,78.34186993,22.87681125,3.441423901,0.9683633267,150.6958188,2.589518406,2.999991775e-05
VPTree -> TRI,1000000,128,30,100,10000,16,200,64,16,8,4,5,2,4,6,7,8,14,73,10,532.8368304,31.30437864,7.44995085,2.590815235,8.577557108,78.34186993,22.87681125,3.441423901,0.9683633267,136.3387647,2.862205752,2.999991775e-05
VPTree -> FINGER,1000000,128,30,100,10000,16,200,64,16,8,4,5,2,4,6,7,8,14,73,10,532.8368304,31.30437864,7.44995085,2.590815235,8.577557108,78.34186993,22.87681125,3.441423901,0.7836999981,131.0078511,2.978673364,0.1846933286
VTree -> HNSW,1000000,128,30,100,10000,16,200,64,16,8,4,5,2,4,6,7,8,14,73,10,532.8368304,31.30437864,7.44995085,2.590815235,8.577557108,78.34186993,22.87681125,3.441423901,0.9684399933,156.3147593,2.496434746,-4.666669369e-05
VTree -> TRI,1000000,128,30,100,10000,16,200,64,16,8,4,5,2,4,6,7,8,14,73,10,532.8368304,31.30437864,7.44995085,2.590815235,8.577557108,78.34186993,22.87681125,3.441423901,0.9684399933,137.9373201,2.829035653,-4.666669369e-05
VTree -> FINGER,1000000,128,30,100,10000,16,200,64,16,8,4,5,2,4,6,7,8,14,73,10,532.8368304,31.30437864,7.44995085,2.590815235,8.577557108,78.34186993,22.87681125,3.441423901,0.7834499977,133.1510045,2.930729648,0.1849433289
KMeansTree -> HNSW,1000000,128,30,100,10000,16,200,64,16,8,4,5,2,4,6,7,8,14,73,10,532.8368304,31.30437864,7.44995085,2.590815235,8.577557108,78.34186993,22.87681125,3.441423901,0.9683633267,144.8488724,2.694046492,2.999997139e-05
KMeansTree -> TRI,1000000,128,30,100,10000,16,200,64,16,8,4,5,2,4,6,7,8,14,73,10,532.8368304,31.30437864,7.44995085,2.590815235,8.577557108,78.34186993,22.87681125,3.441423901,0.9683633267,131.5058394,2.967393678,2.999997139e-05
KMeansTree -> FINGER,1000000,128,30,100,10000,16,200,64,16,8,4,5,2,4,6,7,8,14,73,10,532.8368304,31.30437864,7.44995085,2.590815235,8.577557108,78.34186993,22.87681125,3.441423901,0.7842533313,124.5535871,3.133025757,0.1841399953
Normal HNSW,1000000,128,30,110,10000,16,200,64,16,8,4,5,2,4,6,7,8,14,73,10,532.8368304,31.30437864,7.44995085,2.590815235,8.577557108,78.34186993,22.87681125,3.441423901,0.9733666605,420.9274372,1,0
HNSW -> TRI,1000000,128,30,110,10000,16,200,64,16,8,4,5,2,4,6,7,8,14,73,10,532.8368304,31.30437864,7.44995085,2.590815235,8.577557108,78.34186993,22.87681125,3.441423901,0.9733666605,171.596152,2.4530121,0
HNSW + FINGER,1000000,128,30,110,10000,16,200,64,16,8,4,5,2,4,6,7,8,14,73,10,532.8368304,31.30437864,7.44995085,2.590815235,8.577557108,78.34186993,22.87681125,3.441423901,0.8023299971,183.6272193,2.29229326,0.1710366634
MTree -> HNSW,1000000,128,30,110,10000,16,200,64,16,8,4,5,2,4,6,7,8,14,73,10,532.8368304,31.30437864,7.44995085,2.590815235,8.577557108,78.34186993,22.87681125,3.441423901,0.973323327,145.1476026,2.899995795,4.33334589e-05
MTree -> TRI,1000000,128,30,110,10000,16,200,64,16,8,4,5,2,4,6,7,8,14,73,10,532.8368304,31.30437864,7.44995085,2.590815235,8.577557108,78.34186993,22.87681125,3.441423901,0.973323327,137.4210313,3.063049616,4.33334589e-05
MTree -> FINGER,1000000,128,30,110,10000,16,200,64,16,8,4,5,2,4,6,7,8,14,73,10,532.8368304,31.30437864,7.44995085,2.590815235,8.577557108,78.34186993,22.87681125,3.441423901,0.7999499972,135.699423,3.101910295,0.1734166632
PCTree -> HNSW,1000000,128,30,110,10000,16,200,64,16,8,4,5,2,4,6,7,8,14,73,10,532.8368304,31.30437864,7.44995085,2.590815235,8.577557108,78.34186993,22.87681125,3.441423901,0.9732599937,154.6335266,2.72209686,0.0001066667557
PCTree -> TRI,1000000,128,30,110,10000,16,200,64,16,8,4,5,2,4,6,7,8,14,73,10,532.8368304,31.30437864,7.44995085,2.590815235,8.577557108,78.34186993,22.87681125,3.441423901,0.9732599937,145.0747768,2.901451558,0.0001066667557
PCTree -> FINGER,1000000,128,30,110,10000,16,200,64,16,8,4,5,2,4,6,7,8,14,73,10,532.8368304,31.30437864,7.44995085,2.590815235,8.577557108,78.34186993,22.87681125,3.441423901,0.8029466636,138.9127299,3.030157405,0.1704199968
VPTree -> HNSW,1000000,128,30,110,10000,16,200,64,16,8,4,5,2,4,6,7,8,14,73,10,532.8368304,31.30437864,7.44995085,2.590815235,8.577557108,78.34186993,22.87681125,3.441423901,0.9731999937,161.2596372,2.610246708,0.0001666667223
VPTree -> TRI,1000000,128,30,110,10000,16,200,64,16,8,4,5,2,4,6,7,8,14,73,10,532.8368304,31.30437864,7.44995085,2.590815235,8.577557108,78.34186993,22.87681125,3.441423901,0.9731999937,147.8587538,2.846821215,0.0001666667223
VPTree -> FINGER,1000000,128,30,110,10000,16,200,64,16,8,4,5,2,4,6,7,8,14,73,10,532.8368304,31.30437864,7.44995085,2.590815235,8.577557108,78.34186993,22.87681125,3.441423901,0.8027433305,141.1482317,2.982165856,0.17062333
VTree -> HNSW,1000000,128,30,110,10000,16,200,64,16,8,4,5,2,4,6,7,8,14,73,10,532.8368304,31.30437864,7.44995085,2.590815235,8.577557108,78.34186993,22.87681125,3.441423901,0.9733299937,166.8264618,2.523145505,3.666671515e-05
VTree -> TRI,1000000,128,30,110,10000,16,200,64,16,8,4,5,2,4,6,7,8,14,73,10,532.8368304,31.30437864,7.44995085,2.590815235,8.577557108,78.34186993,22.87681125,3.441423901,0.9733299937,149.1965041,2.821295578,3.666671515e-05
VTree -> FINGER,1000000,128,30,110,10000,16,200,64,16,8,4,5,2,4,6,7,8,14,73,10,532.8368304,31.30437864,7.44995085,2.590815235,8.577557108,78.34186993,22.87681125,3.441423901,0.8017533304,143.5417434,2.932439214,0.1716133301
KMeansTree -> HNSW,1000000,128,30,110,10000,16,200,64,16,8,4,5,2,4,6,7,8,14,73,10,532.8368304,31.30437864,7.44995085,2.590815235,8.577557108,78.34186993,22.87681125,3.441423901,0.9733933271,155.4572878,2.707672591,-2.666662335e-05
KMeansTree -> TRI,1000000,128,30,110,10000,16,200,64,16,8,4,5,2,4,6,7,8,14,73,10,532.8368304,31.30437864,7.44995085,2.590815235,8.577557108,78.34186993,22.87681125,3.441423901,0.9733933271,142.9660206,2.944248119,-2.666662335e-05
KMeansTree -> FINGER,1000000,128,30,110,10000,16,200,64,16,8,4,5,2,4,6,7,8,14,73,10,532.8368304,31.30437864,7.44995085,2.590815235,8.577557108,78.34186993,22.87681125,3.441423901,0.8032099971,134.8091439,3.122395299,0.1701566634
Normal HNSW,1000000,128,30,120,10000,16,200,64,16,8,4,5,2,4,6,7,8,14,73,10,532.8368304,31.30437864,7.44995085,2.590815235,8.577557108,78.34186993,22.87681125,3.441423901,0.9774299941,452.2703594,1,0
HNSW -> TRI,1000000,128,30,120,10000,16,200,64,16,8,4,5,2,4,6,7,8,14,73,10,532.8368304,31.30437864,7.44995085,2.590815235,8.577557108,78.34186993,22.87681125,3.441423901,0.9774299941,187.8260297,2.407921629,0
HNSW + FINGER,1000000,128,30,120,10000,16,200,64,16,8,4,5,2,4,6,7,8,14,73,10,532.8368304,31.30437864,7.44995085,2.590815235,8.577557108,78.34186993,22.87681125,3.441423901,0.8186799963,199.2079614,2.270342793,0.1587499978
MTree -> HNSW,1000000,128,30,120,10000,16,200,64,16,8,4,5,2,4,6,7,8,14,73,10,532.8368304,31.30437864,7.44995085,2.590815235,8.577557108,78.34186993,22.87681125,3.441423901,0.9774266608,156.220312,2.895080375,3.333353996e-06
MTree -> TRI,1000000,128,30,120,10000,16,200,64,16,8,4,5,2,4,6,7,8,14,73,10,532.8368304,31.30437864,7.44995085,2.590815235,8.577557108,78.34186993,22.87681125,3.441423901,0.9774266608,149.0231719,3.034899564,3.333353996e-06
MTree -> FINGER,1000000,128,30,120,10000,16,200,64,16,8,4,5,2,4,6,7,8,14,73,10,532.8368304,31.30437864,7.44995085,2.590815235,8.577557108,78.34186993,22.87681125,3.441423901,0.81645333,145.969026,3.098399515,0.1609766642
PCTree -> HNSW,1000000,128,30,120,10000,16,200,64,16,8,4,5,2,4,6,7,8,14,73,10,532.8368304,31.30437864,7.44995085,2.590815235,8.577557108,78.34186993,22.87681125,3.441423901,0.9774799941,165.7067862,2.729341204,-4.999999404e-05
PCTree -> TRI,1000000,128,30,120,10000,16,200,64,16,8,4,5,2,4,6,7,8,14,73,10,532.8368304,31.30437864,7.44995085,2.590815235,8.577557108,78.34186993,22.87681125,3.441423901,0.9774799941,156.8960242,2.882611983,-4.999999404e-05
PCTree -> FINGER,1000000,128,30,120,10000,16,200,64,16,8,4,5,2,4,6,7,8,14,73,10,532.8368304,31.30437864,7.44995085,2.590815235,8.577557108,78.34186993,22.87681125,3.441423901,0.8189333296,149.3506292,3.028245424,0.1584966645
VPTree -> HNSW,1000000,128,30,120,10000,16,200,64,16,8,4,5,2,4,6,7,8,14,73,10,532.8368304,31.30437864,7.44995085,2.590815235,8.577557108,78.34186993,22.87681125,3.441423901,0.9773799941,172.3709311,2.623820365,4.999999404e-05
VPTree -> TRI,1000000,128,30,120,10000,16,200,64,16,8,4,5,2,4,6,7,8,14,73,10,532.8368304,31.30437864,7.44995085,2.590815235,8.577557108,78.34186993,22.87681125,3.441423901,0.9773799941,159.7330933,2.831413016,4.999999404e-05
VPTree -> FINGER,1000000,128,30,120,10000,16,200,64,16,8,4,5,2,4,6,7,8,14,73,10,532.8368304,31.30437864,7.44995085,2.590815235,8.577557108,78.34186993,22.87681125,3.441423901,0.8185399963,151.6875763,2.98159131,0.1588899978
VTree -> HNSW,1000000,128,30,120,10000,16,200,64,16,8,4,5,2,4,6,7,8,14,73,10,532.8368304,31.30437864,7.44995085,2.590815235,8.577557108,78.34186993,22.87681125,3.441423901,0.9774966608,178.2801729,2.536851698,-6.666664481e-05
VTree -> TRI,1000000,128,30,120,10000,16,200,64,16,8,4,5,2,4,6,7,8,14,73,10,532.8368304,31.30437864,7.44995085,2.590815235,8.577557108,78.34186993,22.87681125,3.441423901,0.9774966608,161.0297675,2.808613379,-6.666664481e-05
VTree -> FINGER,1000000,128,30,120,10000,16,200,64,16,8,4,5,2,4,6,7,8,14,73,10,532.8368304,31.30437864,7.44995085,2.590815235,8.577557108,78.34186993,22.87681125,3.441423901,0.8179099962,154.2882544,2.931333698,0.1595199979
KMeansTree -> HNSW,1000000,128,30,120,10000,16,200,64,16,8,4,5,2,4,6,7,8,14,73,10,532.8368304,31.30437864,7.44995085,2.590815235,8.577557108,78.34186993,22.87681125,3.441423901,0.9775933275,166.4124277,2.717767931,-0.0001633333743
KMeansTree -> TRI,1000000,128,30,120,10000,16,200,64,16,8,4,5,2,4,6,7,8,14,73,10,532.8368304,31.30437864,7.44995085,2.590815235,8.577557108,78.34186993,22.87681125,3.441423901,0.9775933275,154.578274,2.925833933,-0.0001633333743
KMeansTree -> FINGER,1000000,128,30,120,10000,16,200,64,16,8,4,5,2,4,6,7,8,14,73,10,532.8368304,31.30437864,7.44995085,2.590815235,8.577557108,78.34186993,22.87681125,3.441423901,0.8192433297,145.0918312,3.117131789,0.1581866644
Normal HNSW,1000000,128,30,130,10000,16,200,64,16,8,4,5,2,4,6,7,8,14,73,10,532.8368304,31.30437864,7.44995085,2.590815235,8.577557108,78.34186993,22.87681125,3.441423901,0.9807866613,483.4071959,1,0
HNSW -> TRI,1000000,128,30,130,10000,16,200,64,16,8,4,5,2,4,6,7,8,14,73,10,532.8368304,31.30437864,7.44995085,2.590815235,8.577557108,78.34186993,22.87681125,3.441423901,0.9807866613,204.5098994,2.363734945,0
HNSW + FINGER,1000000,128,30,130,10000,16,200,64,16,8,4,5,2,4,6,7,8,14,73,10,532.8368304,31.30437864,7.44995085,2.590815235,8.577557108,78.34186993,22.87681125,3.441423901,0.8330733293,214.8758925,2.249704191,0.147713332
MTree -> HNSW,1000000,128,30,130,10000,16,200,64,16,8,4,5,2,4,6,7,8,14,73,10,532.8368304,31.30437864,7.44995085,2.590815235,8.577557108,78.34186993,22.87681125,3.441423901,0.9807233279,167.35439,2.888524143,6.333337426e-05
MTree -> TRI,1000000,128,30,130,10000,16,200,64,16,8,4,5,2,4,6,7,8,14,73,10,532.8368304,31.30437864,7.44995085,2.590815235,8.577557108,78.34186993,22.87681125,3.441423901,0.9807233279,160.6654606,3.008781067,6.333337426e-05
MTree -> FINGER,1000000,128,30,130,10000,16,200,64,16,8,4,5,2,4,6,7,8,14,73,10,532.8368304,31.30437864,7.44995085,2.590815235,8.577557108,78.34186993,22.87681125,3.441423901,0.8308866626,156.4628269,3.089597737,0.1498999987
PCTree -> HNSW,1000000,128,30,130,10000,16,200,64,16,8,4,5,2,4,6,7,8,14,73,10,532.8368304,31.30437864,7.44995085,2.590815235,8.577557108,78.34186993,22.87681125,3.441423901,0.9807366612,176.6420179,2.736648967,5.000005364e-05
PCTree -> TRI,1000000,128,30,130,10000,16,200,64,16,8,4,5,2,4,6,7,8,14,73,10,532.8368304,31.30437864,7.44995085,2.590815235,8.577557108,78.34186993,22.87681125,3.441423901,0.9807366612,168.4941643,2.868984798,5.000005364e-05
PCTree -> FINGER,1000000,128,30,130,10000,16,200,64,16,8,4,5,2,4,6,7,8,14,73,10,532.8368304,31.30437864,7.44995085,2.590815235,8.577557108,78.34186993,22.87681125,3.441423901,0.8332966624,159.7892611,3.025279625,0.1474899989
VPTree -> HNSW,1000000,128,30,130,10000,16,200,64,16,8,4,5,2,4,6,7,8,14,73,10,532.8368304,31.30437864,7.44995085,2.590815235,8.577557108,78.34186993,22.87681125,3.441423901,0.9807333279,183.3192073,2.636969704,5.33334136e-05
VPTree -> TRI,1000000,128,30,130,10000,16,200,64,16,8,4,5,2,4,6,7,8,14,73,10,532.8368304,31.30437864,7.44995085,2.590815235,8.577557108,78.34186993,22.87681125,3.441423901,0.9807333279,171.6114789,2.816869821,5.33334136e-05
VPTree -> FINGER,1000000,128,30,130,10000,16,200,64,16,8,4,5,2,4,6,7,8,14,73,10,532.8368304,31.30437864,7.44995085,2.590815235,8.577557108,78.34186993,22.87681125,3.441423901,0.8330566626,162.178925,2.980702924,0.1477299987
VTree -> HNSW,1000000,128,30,130,10000,16,200,64,16,8,4,5,2,4,6,7,8,14,73,10,532.8368304,31.30437864,7.44995085,2.590815235,8.577557108,78.34186993,22.87681125,3.441423901,0.9808033279,189.0742539,2.556705558,-1.666662693e-05
VTree -> TRI,1000000,128,30,130,10000,16,200,64,16,8,4,5,2,4,6,7,8,14,73,10,532.8368304,31.30437864,7.44995085,2.590815235,8.577557108,78.34186993,22.87681125,3.441423901,0.9808033279,172.849471,2.796694679,-1.666662693e-05
VTree -> FINGER,1000000,128,30,130,10000,16,200,64,16,8,4,5,2,4,6,7,8,14,73,10,532.8368304,31.30437864,7.44995085,2.590815235,8.577557108,78.34186993,22.87681125,3.441423901,0.8325299958,165.054683,2.928769951,0.1482566655
KMeansTree -> HNSW,1000000,128,30,130,10000,16,200,64,16,8,4,5,2,4,6,7,8,14,73,10,532.8368304,31.30437864,7.44995085,2.590815235,8.577557108,78.34186993,22.87681125,3.441423901,0.9807966613,177.3668385,2.725465482,-9.999984503e-06
KMeansTree -> TRI,1000000,128,30,130,10000,16,200,64,16,8,4,5,2,4,6,7,8,14,73,10,532.8368304,31.30437864,7.44995085,2.590815235,8.577557108,78.34186993,22.87681125,3.441423901,0.9807966613,166.211702,2.908382443,-9.999984503e-06
KMeansTree -> FINGER,1000000,128,30,130,10000,16,200,64,16,8,4,5,2,4,6,7,8,14,73,10,532.8368304,31.30437864,7.44995085,2.590815235,8.577557108,78.34186993,22.87681125,3.441423901,0.833463329,155.5563642,3.107601533,0.1473233323
Normal HNSW,1000000,128,30,140,10000,16,200,64,16,8,4,5,2,4,6,7,8,14,73,10,532.8368304,31.30437864,7.44995085,2.590815235,8.577557108,78.34186993,22.87681125,3.441423901,0.9832066616,514.1973632,1,0
HNSW -> TRI,1000000,128,30,140,10000,16,200,64,16,8,4,5,2,4,6,7,8,14,73,10,532.8368304,31.30437864,7.44995085,2.590815235,8.577557108,78.34186993,22.87681125,3.441423901,0.9832066616,221.1465103,2.325143465,0
HNSW + FINGER,1000000,128,30,140,10000,16,200,64,16,8,4,5,2,4,6,7,8,14,73,10,532.8368304,31.30437864,7.44995085,2.590815235,8.577557108,78.34186993,22.87681125,3.441423901,0.8456133286,230.1979731,2.233718031,0.137593333
MTree -> HNSW,1000000,128,30,140,10000,16,200,64,16,8,4,5,2,4,6,7,8,14,73,10,532.8368304,31.30437864,7.44995085,2.590815235,8.577557108,78.34186993,22.87681125,3.441423901,0.9831766616,178.2156559,2.885253602,3.000000119e-05
MTree -> TRI,1000000,128,30,140,10000,16,200,64,16,8,4,5,2,4,6,7,8,14,73,10,532.8368304,31.30437864,7.44995085,2.590815235,8.577557108,78.34186993,22.87681125,3.441423901,0.9831766616,172.1918765,2.986188278,3.000000119e-05
MTree -> FINGER,1000000,128,30,140,10000,16,200,64,16,8,4,5,2,4,6,7,8,14,73,10,532.8368304,31.30437864,7.44995085,2.590815235,8.577557108,78.34186993,22.87681125,3.441423901,0.8433433286,166.77015,3.083269777,0.139863333
PCTree -> HNSW,1000000,128,30,140,10000,16,200,64,16,8,4,5,2,4,6,7,8,14,73,10,532.8368304,31.30437864,7.44995085,2.590815235,8.577557108,78.34186993,22.87681125,3.441423901,0.9832033282,187.404538,2.743782881,3.333365917e-06
PCTree -> TRI,1000000,128,30,140,10000,16,200,64,16,8,4,5,2,4,6,7,8,14,73,10,532.8368304,31.30437864,7.44995085,2.590815235,8.577557108,78.34186993,22.87681125,3.441423901,0.9832033282,180.1667944,2.854007393,3.333365917e-06
PCTree -> FINGER,1000000,128,30,140,10000,16,200,64,16,8,4,5,2,4,6,7,8,14,73,10,532.8368304,31.30437864,7.44995085,2.590815235,8.577557108,78.34186993,22.87681125,3.441423901,0.8457699955,170.0995459,3.022920258,0.1374366661
VPTree -> HNSW,1000000,128,30,140,10000,16,200,64,16,8,4,5,2,4,6,7,8,14,73,10,532.8368304,31.30437864,7.44995085,2.590815235,8.577557108,78.34186993,22.87681125,3.441423901,0.9831866615,194.2607576,2.646944085,2.000005245e-05
VPTree -> TRI,1000000,128,30,140,10000,16,200,64,16,8,4,5,2,4,6,7,8,14,73,10,532.8368304,31.30437864,7.44995085,2.590815235,8.577557108,78.34186993,22.87681125,3.441423901,0.9831866615,183.4037341,2.803636282,2.000005245e-05
VPTree -> FINGER,1000000,128,30,140,10000,16,200,64,16,8,4,5,2,4,6,7,8,14,73,10,532.8368304,31.30437864,7.44995085,2.590815235,8.577557108,78.34186993,22.87681125,3.441423901,0.845636662,172.6370437,2.978488001,0.1375699996
VTree -> HNSW,1000000,128,30,140,10000,16,200,64,16,8,4,5,2,4,6,7,8,14,73,10,532.8368304,31.30437864,7.44995085,2.590815235,8.577557108,78.34186993,22.87681125,3.441423901,0.9832399949,200.3404803,2.566617403,-3.333329558e-05
VTree -> TRI,1000000,128,30,140,10000,16,200,64,16,8,4,5,2,4,6,7,8,14,73,10,532.8368304,31.30437864,7.44995085,2.590815235,8.577557108,78.34186993,22.87681125,3.441423901,0.9832399949,184.6984681,2.783982826,-3.333329558e-05
VTree -> FINGER,1000000,128,30,140,10000,16,200,64,16,8,4,5,2,4,6,7,8,14,73,10,532.8368304,31.30437864,7.44995085,2.590815235,8.577557108,78.34186993,22.87681125,3.441423901,0.8453466618,175.7523411,2.925692824,0.1378599998
KMeansTree -> HNSW,1000000,128,30,140,10000,16,200,64,16,8,4,5,2,4,6,7,8,14,73,10,532.8368304,31.30437864,7.44995085,2.590815235,8.577557108,78.34186993,22.87681125,3.441423901,0.9832333282,188.3905753,2.729421906,-2.666658759e-05
KMeansTree -> TRI,1000000,128,30,140,10000,16,200,64,16,8,4,5,2,4,6,7,8,14,73,10,532.8368304,31.30437864,7.44995085,2.590815235,8.577557108,78.34186993,22.87681125,3.441423901,0.9832333282,177.9141986,2.890142368,-2.666658759e-05
KMeansTree -> FINGER,1000000,128,30,140,10000,16,200,64,16,8,4,5,2,4,6,7,8,14,73,10,532.8368304,31.30437864,7.44995085,2.590815235,8.577557108,78.34186993,22.87681125,3.441423901,0.8458599953,166.0863446,3.095964117,0.1373466663
Normal HNSW,1000000,128,30,150,10000,16,200,64,16,8,4,5,2,4,6,7,8,14,73,10,532.8368304,31.30437864,7.44995085,2.590815235,8.577557108,78.34186993,22.87681125,3.441423901,0.9852899952,544.5634931,1,0
HNSW -> TRI,1000000,128,30,150,10000,16,200,64,16,8,4,5,2,4,6,7,8,14,73,10,532.8368304,31.30437864,7.44995085,2.590815235,8.577557108,78.34186993,22.87681125,3.441423901,0.9852899952,237.8967323,2.289075129,0
HNSW + FINGER,1000000,128,30,150,10000,16,200,64,16,8,4,5,2,4,6,7,8,14,73,10,532.8368304,31.30437864,7.44995085,2.590815235,8.577557108,78.34186993,22.87681125,3.441423901,0.8568099949,245.6715476,2.216632322,0.1284800003
MTree -> HNSW,1000000,128,30,150,10000,16,200,64,16,8,4,5,2,4,6,7,8,14,73,10,532.8368304,31.30437864,7.44995085,2.590815235,8.577557108,78.34186993,22.87681125,3.441423901,0.9852199952,189.2140137,2.878029394,7.000002265e-05
MTree -> TRI,1000000,128,30,150,10000,16,200,64,16,8,4,5,2,4,6,7,8,14,73,10,532.8368304,31.30437864,7.44995085,2.590815235,8.577557108,78.34186993,22.87681125,3.441423901,0.9852199952,183.5347442,2.967086671,7.000002265e-05
MTree -> FINGER,1000000,128,30,150,10000,16,200,64,16,8,4,5,2,4,6,7,8,14,73,10,532.8368304,31.30437864,7.44995085,2.590815235,8.577557108,78.34186993,22.87681125,3.441423901,0.8549133283,177.0112755,3.076433925,0.1303766669
PCTree -> HNSW,1000000,128,30,150,10000,16,200,64,16,8,4,5,2,4,6,7,8,14,73,10,532.8368304,31.30437864,7.44995085,2.590815235,8.577557108,78.34186993,22.87681125,3.441423901,0.9852199951,198.1324467,2.74848215,7.000006437e-05
PCTree -> TRI,1000000,128,30,150,10000,16,200,64,16,8,4,5,2,4,6,7,8,14,73,10,532.8368304,31.30437864,7.44995085,2.590815235,8.577557108,78.34186993,22.87681125,3.441423901,0.9852199951,191.721935,2.840381791,7.000006437e-05
PCTree -> FINGER,1000000,128,30,150,10000,16,200,64,16,8,4,5,2,4,6,7,8,14,73,10,532.8368304,31.30437864,7.44995085,2.590815235,8.577557108,78.34186993,22.87681125,3.441423901,0.8566966615,180.3155304,3.020058738,0.1285933336
VPTree -> HNSW,1000000,128,30,150,10000,16,200,64,16,8,4,5,2,4,6,7,8,14,73,10,532.8368304,31.30437864,7.44995085,2.590815235,8.577557108,78.34186993,22.87681125,3.441423901,0.9852399951,204.8815869,2.657942577,5.000007153e-05
VPTree -> TRI,1000000,128,30,150,10000,16,200,64,16,8,4,5,2,4,6,7,8,14,73,10,532.8368304,31.30437864,7.44995085,2.590815235,8.577557108,78.34186993,22.87681125,3.441423901,0.9852399951,194.8680362,2.794524457,5.000007153e-05
VPTree -> FINGER,1000000,128,30,150,10000,16,200,64,16,8,4,5,2,4,6,7,8,14,73,10,532.8368304,31.30437864,7.44995085,2.590815235,8.577557108,78.34186993,22.87681125,3.441423901,0.8567799949,182.8781831,2.977738973,0.1285100002
VTree -> HNSW,1000000,128,30,150,10000,16,200,64,16,8,4,5,2,4,6,7,8,14,73,10,532.8368304,31.30437864,7.44995085,2.590815235,8.577557108,78.34186993,22.87681125,3.441423901,0.9853499952,210.9651278,2.581296249,-5.99999845e-05
VTree -> TRI,1000000,128,30,150,10000,16,200,64,16,8,4,5,2,4,6,7,8,14,73,10,532.8368304,31.30437864,7.44995085,2.590815235,8.577557108,78.34186993,22.87681125,3.441423901,0.9853499952,196.1561535,2.776173387,-5.99999845e-05
VTree -> FINGER,1000000,128,30,150,10000,16,200,64,16,8,4,5,2,4,6,7,8,14,73,10,532.8368304,31.30437864,7.44995085,2.590815235,8.577557108,78.34186993,22.87681125,3.441423901,0.8567366613,186.0529706,2.926927161,0.1285533339
KMeansTree -> HNSW,1000000,128,30,150,10000,16,200,64,16,8,4,5,2,4,6,7,8,14,73,10,532.8368304,31.30437864,7.44995085,2.590815235,8.577557108,78.34186993,22.87681125,3.441423901,0.9852966618,198.9529957,2.737146486,-6.666600704e-06
KMeansTree -> TRI,1000000,128,30,150,10000,16,200,64,16,8,4,5,2,4,6,7,8,14,73,10,532.8368304,31.30437864,7.44995085,2.590815235,8.577557108,78.34186993,22.87681125,3.441423901,0.9852966618,189.2655482,2.877245744,-6.666600704e-06
KMeansTree -> FINGER,1000000,128,30,150,10000,16,200,64,16,8,4,5,2,4,6,7,8,14,73,10,532.8368304,31.30437864,7.44995085,2.590815235,8.577557108,78.34186993,22.87681125,3.441423901,0.8565566613,176.2358963,3.089969209,0.1287333339
Normal HNSW,1000000,128,30,160,10000,16,200,64,16,8,4,5,2,4,6,7,8,14,73,10,532.8368304,31.30437864,7.44995085,2.590815235,8.577557108,78.34186993,22.87681125,3.441423901,0.9870266622,574.8680087,1,0
HNSW -> TRI,1000000,128,30,160,10000,16,200,64,16,8,4,5,2,4,6,7,8,14,73,10,532.8368304,31.30437864,7.44995085,2.590815235,8.577557108,78.34186993,22.87681125,3.441423901,0.9870266622,254.8718877,2.255517522,0
HNSW + FINGER,1000000,128,30,160,10000,16,200,64,16,8,4,5,2,4,6,7,8,14,73,10,532.8368304,31.30437864,7.44995085,2.590815235,8.577557108,78.34186993,22.87681125,3.441423901,0.8667566613,260.9698069,2.202814247,0.120270001
MTree -> HNSW,1000000,128,30,160,10000,16,200,64,16,8,4,5,2,4,6,7,8,14,73,10,532.8368304,31.30437864,7.44995085,2.590815235,8.577557108,78.34186993,22.87681125,3.441423901,0.9869766622,200.51681,2.866931749,5.000003576e-05
MTree -> TRI,1000000,128,30,160,10000,16,200,64,16,8,4,5,2,4,6,7,8,14,73,10,532.8368304,31.30437864,7.44995085,2.590815235,8.577557108,78.34186993,22.87681125,3.441423901,0.9869766622,194.9682849,2.948520622,5.000003576e-05
MTree -> FINGER,1000000,128,30,160,10000,16,200,64,16,8,4,5,2,4,6,7,8,14,73,10,532.8368304,31.30437864,7.44995085,2.590815235,8.577557108,78.34186993,22.87681125,3.441423901,0.8650966614,187.3464749,3.068475182,0.1219300009
PCTree -> HNSW,1000000,128,30,160,10000,16,200,64,16,8,4,5,2,4,6,7,8,14,73,10,532.8368304,31.30437864,7.44995085,2.590815235,8.577557108,78.34186993,22.87681125,3.441423901,0.9869699955,209.2686206,2.747033965,5.666673183e-05
PCTree -> TRI,1000000,128,30,160,10000,16,200,64,16,8,4,5,2,4,6,7,8,14,73,10,532.8368304,31.30437864,7.44995085,2.590815235,8.577557108,78.34186993,22.87681125,3.441423901,0.9869699955,203.2290557,2.828670373,5.666673183e-05
PCTree -> FINGER,1000000,128,30,160,10000,16,200,64,16,8,4,5,2,4,6,7,8,14,73,10,532.8368304,31.30437864,7.44995085,2.590815235,8.577557108,78.34186993,22.87681125,3.441423901,0.8667366612,190.6108456,3.015924969,0.120290001
VPTree -> HNSW,1000000,128,30,160,10000,16,200,64,16,8,4,5,2,4,6,7,8,14,73,10,532.8368304,31.30437864,7.44995085,2.590815235,8.577557108,78.34186993,22.87681125,3.441423901,0.9870599955,216.1000257,2.660194078,-3.333330154e-05
VPTree -> TRI,1000000,128,30,160,10000,16,200,64,16,8,4,5,2,4,6,7,8,14,73,10,532.8368304,31.30437864,7.44995085,2.590815235,8.577557108,78.34186993,22.87681125,3.441423901,0.9870599955,206.5624043,2.783023419,-3.333330154e-05
VPTree -> FINGER,1000000,128,30,160,10000,16,200,64,16,8,4,5,2,4,6,7,8,14,73,10,532.8368304,31.30437864,7.44995085,2.590815235,8.577557108,78.34186993,22.87681125,3.441423901,0.8665999945,193.3413055,2.973332611,0.1204266677
VTree -> HNSW,1000000,128,30,160,10000,16,200,64,16,8,4,5,2,4,6,7,8,14,73,10,532.8368304,31.30437864,7.44995085,2.590815235,8.577557108,78.34186993,22.87681125,3.441423901,0.9870833289,222.4226776,2.584574626,-5.666664839e-05
VTree -> TRI,1000000,128,30,160,10000,16,200,64,16,8,4,5,2,4,6,7,8,14,73,10,532.8368304,31.30437864,7.44995085,2.590815235,8.577557108,78.34186993,22.87681125,3.441423901,0.9870833289,207.8727633,2.765480189,-5.666664839e-05
VTree -> FINGER,1000000,128,30,160,10000,16,200,64,16,8,4,5,2,4,6,7,8,14,73,10,532.8368304,31.30437864,7.44995085,2.590815235,8.577557108,78.34186993,22.87681125,3.441423901,0.8666699945,196.5509917,2.924777961,0.1203566677
KMeansTree -> HNSW,1000000,128,30,160,10000,16,200,64,16,8,4,5,2,4,6,7,8,14,73,10,532.8368304,31.30437864,7.44995085,2.590815235,8.577557108,78.34186993,22.87681125,3.441423901,0.9870699955,210.1230056,2.7358642,-4.333330989e-05
KMeansTree -> TRI,1000000,128,30,160,10000,16,200,64,16,8,4,5,2,4,6,7,8,14,73,10,532.8368304,31.30437864,7.44995085,2.590815235,8.577557108,78.34186993,22.87681125,3.441423901,0.9870699955,200.7425316,2.863708075,-4.333330989e-05
KMeansTree -> FINGER,1000000,128,30,160,10000,16,200,64,16,8,4,5,2,4,6,7,8,14,73,10,532.8368304,31.30437864,7.44995085,2.590815235,8.577557108,78.34186993,22.87681125,3.441423901,0.8667499945,186.6128823,3.080537644,0.1202766678
Normal HNSW,1000000,128,30,170,10000,16,200,64,16,8,4,5,2,4,6,7,8,14,73,10,532.8368304,31.30437864,7.44995085,2.590815235,8.577557108,78.34186993,22.87681125,3.441423901,0.9885966626,602.2045099,1,0
HNSW -> TRI,1000000,128,30,170,10000,16,200,64,16,8,4,5,2,4,6,7,8,14,73,10,532.8368304,31.30437864,7.44995085,2.590815235,8.577557108,78.34186993,22.87681125,3.441423901,0.9885966626,271.3326106,2.219432852,0
HNSW + FINGER,1000000,128,30,170,10000,16,200,64,16,8,4,5,2,4,6,7,8,14,73,10,532.8368304,31.30437864,7.44995085,2.590815235,8.577557108,78.34186993,22.87681125,3.441423901,0.8752166608,275.4837715,2.185989057,0.1133800017
MTree -> HNSW,1000000,128,30,170,10000,16,200,64,16,8,4,5,2,4,6,7,8,14,73,10,532.8368304,31.30437864,7.44995085,2.590815235,8.577557108,78.34186993,22.87681125,3.441423901,0.9885166625,211.3370828,2.849497598,8.000000715e-05
MTree -> TRI,1000000,128,30,170,10000,16,200,64,16,8,4,5,2,4,6,7,8,14,73,10,532.8368304,31.30437864,7.44995085,2.590815235,8.577557108,78.34186993,22.87681125,3.441423901,0.9885166625,206.2109343,2.920332581,8.000000715e-05
MTree -> FINGER,1000000,128,30,170,10000,16,200,64,16,8,4,5,2,4,6,7,8,14,73,10,532.8368304,31.30437864,7.44995085,2.590815235,8.577557108,78.34186993,22.87681125,3.441423901,0.874266661,197.5612252,3.048191816,0.1143300016
PCTree -> HNSW,1000000,128,30,170,10000,16,200,64,16,8,4,5,2,4,6,7,8,14,73,10,532.8368304,31.30437864,7.44995085,2.590815235,8.577557108,78.34186993,22.87681125,3.441423901,0.9884866625,219.7442578,2.740478936,0.000110000062
PCTree -> TRI,1000000,128,30,170,10000,16,200,64,16,8,4,5,2,4,6,7,8,14,73,10,532.8368304,31.30437864,7.44995085,2.590815235,8.577557108,78.34186993,22.87681125,3.441423901,0.9884866625,214.3774951,2.809084553,0.000110000062
PCTree -> FINGER,1000000,128,30,170,10000,16,200,64,16,8,4,5,2,4,6,7,8,14,73,10,532.8368304,31.30437864,7.44995085,2.590815235,8.577557108,78.34186993,22.87681125,3.441423901,0.8755699944,200.7186292,3.000242241,0.1130266682
VPTree -> HNSW,1000000,128,30,170,10000,16,200,64,16,8,4,5,2,4,6,7,8,14,73,10,532.8368304,31.30437864,7.44995085,2.590815235,8.577557108,78.34186993,22.87681125,3.441423901,0.9885833292,226.6825782,2.656598115,1.333335638e-05
VPTree -> TRI,1000000,128,30,170,10000,16,200,64,16,8,4,5,2,4,6,7,8,14,73,10,532.8368304,31.30437864,7.44995085,2.590815235,8.577557108,78.34186993,22.87681125,3.441423901,0.9885833292,217.8114286,2.764797576,1.333335638e-05
VPTree -> FINGER,1000000,128,30,170,10000,16,200,64,16,8,4,5,2,4,6,7,8,14,73,10,532.8368304,31.30437864,7.44995085,2.590815235,8.577557108,78.34186993,22.87681125,3.441423901,0.8754799942,203.544434,2.958589916,0.1131166684
VTree -> HNSW,1000000,128,30,170,10000,16,200,64,16,8,4,5,2,4,6,7,8,14,73,10,532.8368304,31.30437864,7.44995085,2.590815235,8.577557108,78.34186993,22.87681125,3.441423901,0.9885799959,233.0589684,2.583914766,1.666668653e-05
VTree -> TRI,1000000,128,30,170,10000,16,200,64,16,8,4,5,2,4,6,7,8,14,73,10,532.8368304,31.30437864,7.44995085,2.590815235,8.577557108,78.34186993,22.87681125,3.441423901,0.9885799959,219.139575,2.748040877,1.666668653e-05
VTree -> FINGER,1000000,128,30,170,10000,16,200,64,16,8,4,5,2,4,6,7,8,14,73,10,532.8368304,31.30437864,7.44995085,2.590815235,8.577557108,78.34186993,22.87681125,3.441423901,0.8754233275,206.9807687,2.909470835,0.1131733351
KMeansTree -> HNSW,1000000,128,30,170,10000,16,200,64,16,8,4,5,2,4,6,7,8,14,73,10,532.8368304,31.30437864,7.44995085,2.590815235,8.577557108,78.34186993,22.87681125,3.441423901,0.9885533292,220.6870508,2.728771388,4.333338737e-05
KMeansTree -> TRI,1000000,128,30,170,10000,16,200,64,16,8,4,5,2,4,6,7,8,14,73,10,532.8368304,31.30437864,7.44995085,2.590815235,8.577557108,78.34186993,22.87681125,3.441423901,0.9885533292,211.9526417,2.841222006,4.333338737e-05
KMeansTree -> FINGER,1000000,128,30,170,10000,16,200,64,16,8,4,5,2,4,6,7,8,14,73,10,532.8368304,31.30437864,7.44995085,2.590815235,8.577557108,78.34186993,22.87681125,3.441423901,0.8755533276,196.8571498,3.059093919,0.113043335
Normal HNSW,1000000,128,30,180,10000,16,200,64,16,8,4,5,2,4,6,7,8,14,73,10,532.8368304,31.30437864,7.44995085,2.590815235,8.577557108,78.34186993,22.87681125,3.441423901,0.9897733294,625.4080071,1,0
HNSW -> TRI,1000000,128,30,180,10000,16,200,64,16,8,4,5,2,4,6,7,8,14,73,10,532.8368304,31.30437864,7.44995085,2.590815235,8.577557108,78.34186993,22.87681125,3.441423901,0.9897733294,287.0901255,2.17843789,0
HNSW + FINGER,1000000,128,30,180,10000,16,200,64,16,8,4,5,2,4,6,7,8,14,73,10,532.8368304,31.30437864,7.44995085,2.590815235,8.577557108,78.34186993,22.87681125,3.441423901,0.8835533273,288.9697024,2.16426844,0.1062200022
MTree -> HNSW,1000000,128,30,180,10000,16,200,64,16,8,4,5,2,4,6,7,8,14,73,10,532.8368304,31.30437864,7.44995085,2.590815235,8.577557108,78.34186993,22.87681125,3.441423901,0.9897899961,222.0431089,2.816606245,-1.666669846e-05
MTree -> TRI,1000000,128,30,180,10000,16,200,64,16,8,4,5,2,4,6,7,8,14,73,10,532.8368304,31.30437864,7.44995085,2.590815235,8.577557108,78.34186993,22.87681125,3.441423901,0.9897899961,217.1930987,2.879502207,-1.666669846e-05
MTree -> FINGER,1000000,128,30,180,10000,16,200,64,16,8,4,5,2,4,6,7,8,14,73,10,532.8368304,31.30437864,7.44995085,2.590815235,8.577557108,78.34186993,22.87681125,3.441423901,0.882399994,207.4482932,3.01476574,0.1073733354
PCTree -> HNSW,1000000,128,30,180,10000,16,200,64,16,8,4,5,2,4,6,7,8,14,73,10,532.8368304,31.30437864,7.44995085,2.590815235,8.577557108,78.34186993,22.87681125,3.441423901,0.9897566628,230.1505762,2.717386232,1.666667461e-05
PCTree -> TRI,1000000,128,30,180,10000,16,200,64,16,8,4,5,2,4,6,7,8,14,73,10,532.8368304,31.30437864,7.44995085,2.590815235,8.577557108,78.34186993,22.87681125,3.441423901,0.9897566628,225.4691333,2.773807651,1.666667461e-05
PCTree -> FINGER,1000000,128,30,180,10000,16,200,64,16,8,4,5,2,4,6,7,8,14,73,10,532.8368304,31.30437864,7.44995085,2.590815235,8.577557108,78.34186993,22.87681125,3.441423901,0.8836133274,210.5948645,2.969721074,0.1061600021
VPTree -> HNSW,1000000,128,30,180,10000,16,200,64,16,8,4,5,2,4,6,7,8,14,73,10,532.8368304,31.30437864,7.44995085,2.590815235,8.577557108,78.34186993,22.87681125,3.441423901,0.9897633294,237.1245683,2.637466086,1.000002027e-05
VPTree -> TRI,1000000,128,30,180,10000,16,200,64,16,8,4,5,2,4,6,7,8,14,73,10,532.8368304,31.30437864,7.44995085,2.590815235,8.577557108,78.34186993,22.87681125,3.441423901,0.9897633294,229.2032217,2.728617872,1.000002027e-05
VPTree -> FINGER,1000000,128,30,180,10000,16,200,64,16,8,4,5,2,4,6,7,8,14,73,10,532.8368304,31.30437864,7.44995085,2.590815235,8.577557108,78.34186993,22.87681125,3.441423901,0.8834933273,213.6563084,2.927168459,0.1062800021
VTree -> HNSW,1000000,128,30,180,10000,16,200,64,16,8,4,5,2,4,6,7,8,14,73,10,532.8368304,31.30437864,7.44995085,2.590815235,8.577557108,78.34186993,22.87681125,3.441423901,0.9897766628,243.6676353,2.566643725,-3.333330154e-06
VTree -> TRI,1000000,128,30,180,10000,16,200,64,16,8,4,5,2,4,6,7,8,14,73,10,532.8368304,31.30437864,7.44995085,2.590815235,8.577557108,78.34186993,22.87681125,3.441423901,0.9897766628,230.6167653,2.711893068,-3.333330154e-06
VTree -> FINGER,1000000,128,30,180,10000,16,200,64,16,8,4,5,2,4,6,7,8,14,73,10,532.8368304,31.30437864,7.44995085,2.590815235,8.577557108,78.34186993,22.87681125,3.441423901,0.8835033272,217.1630249,2.879900975,0.1062700023
KMeansTree -> HNSW,1000000,128,30,180,10000,16,200,64,16,8,4,5,2,4,6,7,8,14,73,10,532.8368304,31.30437864,7.44995085,2.590815235,8.577557108,78.34186993,22.87681125,3.441423901,0.9897899961,231.3141877,2.703716591,-1.666664481e-05
KMeansTree -> TRI,1000000,128,30,180,10000,16,200,64,16,8,4,5,2,4,6,7,8,14,73,10,532.8368304,31.30437864,7.44995085,2.590815235,8.577557108,78.34186993,22.87681125,3.441423901,0.9897899961,223.1974511,2.802039199,-1.666664481e-05
KMeansTree -> FINGER,1000000,128,30,180,10000,16,200,64,16,8,4,5,2,4,6,7,8,14,73,10,532.8368304,31.30437864,7.44995085,2.590815235,8.577557108,78.34186993,22.87681125,3.441423901,0.8834266606,206.81655,3.023974663,0.1063466688
Normal HNSW,1000000,128,30,190,10000,16,200,64,16,8,4,5,2,4,6,7,8,14,73,10,532.8368304,31.30437864,7.44995085,2.590815235,8.577557108,78.34186993,22.87681125,3.441423901,0.9908233297,654.4666577,1,0
HNSW -> TRI,1000000,128,30,190,10000,16,200,64,16,8,4,5,2,4,6,7,8,14,73,10,532.8368304,31.30437864,7.44995085,2.590815235,8.577557108,78.34186993,22.87681125,3.441423901,0.9908233297,304.3528892,2.150354674,0
HNSW + FINGER,1000000,128,30,190,10000,16,200,64,16,8,4,5,2,4,6,7,8,14,73,10,532.8368304,31.30437864,7.44995085,2.590815235,8.577557108,78.34186993,22.87681125,3.441423901,0.8906966602,304.0582432,2.152438463,0.1001266694
MTree -> HNSW,1000000,128,30,190,10000,16,200,64,16,8,4,5,2,4,6,7,8,14,73,10,532.8368304,31.30437864,7.44995085,2.590815235,8.577557108,78.34186993,22.87681125,3.441423901,0.9907899964,232.9176172,2.809863271,3.333333135e-05
MTree -> TRI,1000000,128,30,190,10000,16,200,64,16,8,4,5,2,4,6,7,8,14,73,10,532.8368304,31.30437864,7.44995085,2.590815235,8.577557108,78.34186993,22.87681125,3.441423901,0.9907899964,228.3688048,2.865832127,3.333333135e-05
MTree -> FINGER,1000000,128,30,190,10000,16,200,64,16,8,4,5,2,4,6,7,8,14,73,10,532.8368304,31.30437864,7.44995085,2.590815235,8.577557108,78.34186993,22.87681125,3.441423901,0.8898233269,217.727069,3.005903954,0.1010000027
PCTree -> HNSW,1000000,128,30,190,10000,16,200,64,16,8,4,5,2,4,6,7,8,14,73,10,532.8368304,31.30437864,7.44995085,2.590815235,8.577557108,78.34186993,22.87681125,3.441423901,0.990836663,240.8087466,2.717786073,-1.333334446e-05
PCTree -> TRI,1000000,128,30,190,10000,16,200,64,16,8,4,5,2,4,6,7,8,14,73,10,532.8368304,31.30437864,7.44995085,2.590815235,8.577557108,78.34186993,22.87681125,3.441423901,0.990836663,236.6099551,2.766014885,-1.333334446e-05
PCTree -> FINGER,1000000,128,30,190,10000,16,200,64,16,8,4,5,2,4,6,7,8,14,73,10,532.8368304,31.30437864,7.44995085,2.590815235,8.577557108,78.34186993,22.87681125,3.441423901,0.891083327,220.8261055,2.963719603,0.09974000269
VPTree -> HNSW,1000000,128,30,190,10000,16,200,64,16,8,4,5,2,4,6,7,8,14,73,10,532.8368304,31.30437864,7.44995085,2.590815235,8.577557108,78.34186993,22.87681125,3.441423901,0.990846663,247.7705231,2.641422593,-2.333333492e-05
VPTree -> TRI,1000000,128,30,190,10000,16,200,64,16,8,4,5,2,4,6,7,8,14,73,10,532.8368304,31.30437864,7.44995085,2.590815235,8.577557108,78.34186993,22.87681125,3.441423901,0.990846663,240.417537,2.722208479,-2.333333492e-05
VPTree -> FINGER,1000000,128,30,190,10000,16,200,64,16,8,4,5,2,4,6,7,8,14,73,10,532.8368304,31.30437864,7.44995085,2.590815235,8.577557108,78.34186993,22.87681125,3.441423901,0.8909799936,223.8859006,2.923215155,0.09984333612
VTree -> HNSW,1000000,128,30,190,10000,16,200,64,16,8,4,5,2,4,6,7,8,14,73,10,532.8368304,31.30437864,7.44995085,2.590815235,8.577557108,78.34186993,22.87681125,3.441423901,0.990826663,254.4038929,2.572549697,-3.333336115e-06
VTree -> TRI,1000000,128,30,190,10000,16,200,64,16,8,4,5,2,4,6,7,8,14,73,10,532.8368304,31.30437864,7.44995085,2.590815235,8.577557108,78.34186993,22.87681125,3.441423901,0.990826663,241.7826067,2.706839283,-3.333336115e-06
VTree -> FINGER,1000000,128,30,190,10000,16,200,64,16,8,4,5,2,4,6,7,8,14,73,10,532.8368304,31.30437864,7.44995085,2.590815235,8.577557108,78.34186993,22.87681125,3.441423901,0.890913327,227.623887,2.875210798,0.09991000268
KMeansTree -> HNSW,1000000,128,30,190,10000,16,200,64,16,8,4,5,2,4,6,7,8,14,73,10,532.8368304,31.30437864,7.44995085,2.590815235,8.577557108,78.34186993,22.87681125,3.441423901,0.9908333297,241.9350213,2.705134024,-9.999966621e-06
KMeansTree -> TRI,1000000,128,30,190,10000,16,200,64,16,8,4,5,2,4,6,7,8,14,73,10,532.8368304,31.30437864,7.44995085,2.590815235,8.577557108,78.34186993,22.87681125,3.441423901,0.9908333297,234.2481384,2.793903346,-9.999966621e-06
KMeansTree -> FINGER,1000000,128,30,190,10000,16,200,64,16,8,4,5,2,4,6,7,8,14,73,10,532.8368304,31.30437864,7.44995085,2.590815235,8.577557108,78.34186993,22.87681125,3.441423901,0.8906399937,217.161722,3.013729361,0.100183336
Normal HNSW,1000000,128,30,200,10000,16,200,64,16,8,4,5,2,4,6,7,8,14,73,10,532.8368304,31.30437864,7.44995085,2.590815235,8.577557108,78.34186993,22.87681125,3.441423901,0.9916599966,682.9231586,1,0
HNSW -> TRI,1000000,128,30,200,10000,16,200,64,16,8,4,5,2,4,6,7,8,14,73,10,532.8368304,31.30437864,7.44995085,2.590815235,8.577557108,78.34186993,22.87681125,3.441423901,0.9916599966,321.7711508,2.122387781,0
HNSW + FINGER,1000000,128,30,200,10000,16,200,64,16,8,4,5,2,4,6,7,8,14,73,10,532.8368304,31.30437864,7.44995085,2.590815235,8.577557108,78.34186993,22.87681125,3.441423901,0.8975866601,319.0896607,2.1402234,0.09407333649
MTree -> HNSW,1000000,128,30,200,10000,16,200,64,16,8,4,5,2,4,6,7,8,14,73,10,532.8368304,31.30437864,7.44995085,2.590815235,8.577557108,78.34186993,22.87681125,3.441423901,0.9916766633,244.1163225,2.797531732,-1.666669846e-05
MTree -> TRI,1000000,128,30,200,10000,16,200,64,16,8,4,5,2,4,6,7,8,14,73,10,532.8368304,31.30437864,7.44995085,2.590815235,8.577557108,78.34186993,22.87681125,3.441423901,0.9916766633,239.7753365,2.848179336,-1.666669846e-05
MTree -> FINGER,1000000,128,30,200,10000,16,200,64,16,8,4,5,2,4,6,7,8,14,73,10,532.8368304,31.30437864,7.44995085,2.590815235,8.577557108,78.34186993,22.87681125,3.441423901,0.8964166601,228.2574356,2.991898848,0.09524333643
PCTree -> HNSW,1000000,128,30,200,10000,16,200,64,16,8,4,5,2,4,6,7,8,14,73,10,532.8368304,31.30437864,7.44995085,2.590815235,8.577557108,78.34186993,22.87681125,3.441423901,0.9916099965,251.778378,2.712397959,5.000007153e-05
PCTree -> TRI,1000000,128,30,200,10000,16,200,64,16,8,4,5,2,4,6,7,8,14,73,10,532.8368304,31.30437864,7.44995085,2.590815235,8.577557108,78.34186993,22.87681125,3.441423901,0.9916099965,247.9258519,2.75454598,5.000007153e-05
PCTree -> FINGER,1000000,128,30,200,10000,16,200,64,16,8,4,5,2,4,6,7,8,14,73,10,532.8368304,31.30437864,7.44995085,2.590815235,8.577557108,78.34186993,22.87681125,3.441423901,0.8976233269,231.2188674,2.953578859,0.09403666966
VPTree -> HNSW,1000000,128,30,200,10000,16,200,64,16,8,4,5,2,4,6,7,8,14,73,10,532.8368304,31.30437864,7.44995085,2.590815235,8.577557108,78.34186993,22.87681125,3.441423901,0.9916433299,258.9639544,2.637135968,1.66667223e-05
VPTree -> TRI,1000000,128,30,200,10000,16,200,64,16,8,4,5,2,4,6,7,8,14,73,10,532.8368304,31.30437864,7.44995085,2.590815235,8.577557108,78.34186993,22.87681125,3.441423901,0.9916433299,251.9298492,2.710767147,1.66667223e-05
VPTree -> FINGER,1000000,128,30,200,10000,16,200,64,16,8,4,5,2,4,6,7,8,14,73,10,532.8368304,31.30437864,7.44995085,2.590815235,8.577557108,78.34186993,22.87681125,3.441423901,0.8973199934,234.4680853,2.912648678,0.0943400032
VTree -> HNSW,1000000,128,30,200,10000,16,200,64,16,8,4,5,2,4,6,7,8,14,73,10,532.8368304,31.30437864,7.44995085,2.590815235,8.577557108,78.34186993,22.87681125,3.441423901,0.9916633299,266.0771894,2.566635495,-3.333318233e-06
VTree -> TRI,1000000,128,30,200,10000,16,200,64,16,8,4,5,2,4,6,7,8,14,73,10,532.8368304,31.30437864,7.44995085,2.590815235,8.577557108,78.34186993,22.87681125,3.441423901,0.9916633299,253.4870682,2.694114392,-3.333318233e-06
VTree -> FINGER,1000000,128,30,200,10000,16,200,64,16,8,4,5,2,4,6,7,8,14,73,10,532.8368304,31.30437864,7.44995085,2.590815235,8.577557108,78.34186993,22.87681125,3.441423901,0.8975999935,238.2930464,2.865896294,0.09406000305
KMeansTree -> HNSW,1000000,128,30,200,10000,16,200,64,16,8,4,5,2,4,6,7,8,14,73,10,532.8368304,31.30437864,7.44995085,2.590815235,8.577557108,78.34186993,22.87681125,3.441423901,0.9916666632,253.073943,2.698512342,-6.666630506e-06
KMeansTree -> TRI,1000000,128,30,200,10000,16,200,64,16,8,4,5,2,4,6,7,8,14,73,10,532.8368304,31.30437864,7.44995085,2.590815235,8.577557108,78.34186993,22.87681125,3.441423901,0.9916666632,245.6346417,2.780239602,-6.666630506e-06
KMeansTree -> FINGER,1000000,128,30,200,10000,16,200,64,16,8,4,5,2,4,6,7,8,14,73,10,532.8368304,31.30437864,7.44995085,2.590815235,8.577557108,78.34186993,22.87681125,3.441423901,0.8973333269,227.61754,3.0003099,0.09432666967
